物,モノ
時,トキ
中,チュウ
所,トコロ
為,タメ
今,イマ
場合,バアイ
前,マエ
上,ウエ
内,ウチ
他,タ
他,ホカ
必要,ヒツヨウ
度,ド
時間,ジカン
万,マン
関係,カンケイ
話,ハナシ
意味,イミ
まま,ママ
仕事,シゴト
一人,ヒトリ
皆,ミナ
以上,イジョウ
生活,セイカツ
二人,フタリ
頃,コロ
先,サキ
全て,スベテ
研究,ケンキュウ
通り,トオリ
生,ナマ
存在,ソンザイ
別,ベツ
質問,シツモン
現在,ゲンザイ
電話,デンワ
結果,ケッカ
今日,キョウ
教育,キョウイク
ほとんど,ホトンド
風,カゼ
一緒,イッショ
多く,オオク
活動,カツドウ
利用,リヨウ
最初,サイショ
実際,ジッサイ
説明,セツメイ
評価,ヒョウカ
普通,フツウ
労働,ロウドウ
自由,ジユウ
当時,トウジ
自身,ジシン
意識,イシキ
結婚,ケッコン
使用,シヨウ
夜,ヨル
理解,リカイ
戦争,センソウ
最近,サイキン
以外,イガイ
それぞれ,ソレゾレ
行動,コウドウ
一方,イッポウ
事実,ジジツ
運動,ウンドウ
昔,ムカシ
変化,ヘンカ
管理,カンリ
調査,チョウサ
経験,ケイケン
組織,ソシキ
経営,ケイエイ
メール,メール
影響,エイキョウ
機能,キノウ
計画,ケイカク
生産,セイサン
辺り,アタリ
表現,ヒョウゲン
確認,カクニン
以前,イゼン
判断,ハンダン
近く,チカク
駄目,ダメ
時期,ジキ
際,サイ
決定,ケッテイ
心配,シンパイ
対応,タイオウ
原因,ゲンイン
注意,チュウイ
毎日,マイニチ
逆,ギャク
裁判,サイバン
自ら,ミズカラ
今度,コンド
紹介,ショウカイ
絶対,ゼッタイ
意見,イケン
指導,シドウ
連絡,レンラク
始め,ハジメ
サービス,サービス
治療,チリョウ
限り,カギリ
料理,リョウリ
無理,ムリ
反対,ハンタイ
参加,サンカ
報告,ホウコク
回答,カイトウ
不安,フアン
相談,ソウダン
一部,イチブ
取引,トリヒキ
設定,セッテイ
出品,シュッピン
病気,ビョウキ
契約,ケイヤク
開発,カイハツ
規定,キテイ
支配,シハイ
発生,ハッセイ
食事,ショクジ
選択,センタク
障害,ショウガイ
結局,ケッキョク
代表,ダイヒョウ
成長,セイチョウ
位置,イチ
勉強,ベンキョウ
表示,ヒョウジ
科学,カガク
期待,キタイ
作業,サギョウ
落札,ラクサツ
主張,シュチョウ
保護,ホゴ
消費,ショウヒ
比較,ヒカク
危険,キケン
現代,ゲンダイ
発展,ハッテン
構成,コウセイ
処理,ショリ
発見,ハッケン
認識,ニンシキ
故,ユエ
購入,コウニュウ
金融,キンユウ
解決,カイケツ
施設,シセツ
バカ,バカ
参照,サンショウ
記憶,キオク
急,キュウ
イメージ,イメージ
過去,カコ
不思議,フシギ
改革,カイカク
次第,シダイ
投資,トウシ
成功,セイコウ
健康,ケンコウ
実現,ジツゲン
努力,ドリョク
記録,キロク
計算,ケイサン
安全,アンゼン
教授,キョウジュ
全部,ゼンブ
旅行,リョコウ
批判,ヒハン
将来,ショウライ
夏,ナツ
体験,タイケン
参考,サンコウ
販売,ハンバイ
成立,セイリツ
予定,ヨテイ
最高,サイコウ
展開,テンカイ
担当,タントウ
想像,ソウゾウ
以来,イライ
実施,ジッシ
検討,ケントウ
明日,アス
本来,ホンライ
要求,ヨウキュウ
検査,ケンサ
提供,テイキョウ
感覚,カンカク
関連,カンレン
反応,ハンノウ
分析,ブンセキ
指摘,シテキ
作成,サクセイ
共同,キョウドウ
ソフト,ソフト
形成,ケイセイ
以降,イコウ
準備,ジュンビ
安定,アンテイ
請求,セイキュウ
運転,ウンテン
学習,ガクシュウ
途中,トチュウ
弁護,ベンゴ
変,ヘン
協力,キョウリョク
会議,カイギ
負担,フタン
建設,ケンセツ
今後,コンゴ
登場,トウジョウ
変更,ヘンコウ
春,ハル
携帯,ケイタイ
戦後,センゴ
希望,キボウ
削除,サクジョ
勝手,カッテ
通常,ツウジョウ
発表,ハッピョウ
出版,シュッパン
日常,ニチジョウ
独立,ドクリツ
元気,ゲンキ
旅,タビ
ファイル,ファイル
否定,ヒテイ
攻撃,コウゲキ
放送,ホウソウ
半分,ハンブン
維持,イジ
昨日,キノウ
特定,トクテイ
原則,ゲンソク
監督,カントク
所有,ショユウ
移動,イドウ
交換,コウカン
今回,コンカイ
手続き,テツヅキ
用意,ヨウイ
開始,カイシ
建築,ケンチク
共通,キョウツウ
安心,アンシン
約束,ヤクソク
登録,トウロク
作用,サヨウ
増加,ゾウカ
拡大,カクダイ
議論,ギロン
営業,エイギョウ
解釈,カイシャク
秋,アキ
失敗,シッパイ
交通,コウツウ
一定,イッテイ
午後,ゴゴ
看護,カンゴ
改善,カイゼン
実行,ジッコウ
選挙,センキョ
手術,シュジュツ
保存,ホゾン
満足,マンゾク
涙,ナミダ
支援,シエン
試験,シケン
証明,ショウメイ
卒業,ソツギョウ
困難,コンナン
導入,ドウニュウ
採用,サイヨウ
平均,ヘイキン
挨拶,アイサツ
観察,カンサツ
大体,ダイタイ
保証,ホショウ
平和,ヘイワ
会話,カイワ
返事,ヘンジ
チェック,チェック
飛行,ヒコウ
前後,ゼンゴ
実験,ジッケン
競争,キョウソウ
誕生,タンジョウ
記載,キサイ
瞬間,シュンカン
クリック,クリック
全員,ゼンイン
自信,ジシン
一時,イチジ
製造,セイゾウ
通信,ツウシン
多数,タスウ
一日,ツイタチ
指定,シテイ
一生,イッショウ
検索,ケンサク
納得,ナットク
幸せ,シアワセ
妊娠,ニンシン
冬,フユ
信頼,シンライ
整備,セイビ
スポーツ,スポーツ
制限,セイゲン
遺伝,イデン
大量,タイリョウ
左右,サユウ
楽,ラク
注目,チュウモク
取得,シュトク
不足,フソク
今年,コトシ
介護,カイゴ
集中,シュウチュウ
発行,ハッコウ
完成,カンセイ
授業,ジュギョウ
命令,メイレイ
適用,テキヨウ
終了,シュウリョウ
一切,イッサイ
交渉,コウショウ
編集,ヘンシュウ
従来,ジュウライ
整理,セイリ
正確,セイカク
予想,ヨソウ
苦労,クロウ
異常,イジョウ
規制,キセイ
依頼,イライ
無視,ムシ
低下,テイカ
普段,フダン
一瞬,イッシュン
派遣,ハケン
設置,セッチ
世話,セワ
広告,コウコク
保障,ホショウ
妙,ミョウ
緊張,キンチョウ
処分,ショブン
複雑,フクザツ
保育,ホイク
捜査,ソウサ
公開,コウカイ
面倒,メンドウ
入院,ニュウイン
調整,チョウセイ
会計,カイケイ
回復,カイフク
指示,シジ
提出,テイシュツ
信仰,シンコウ
発言,ハツゲン
アップ,アップ
抵抗,テイコウ
嫌い,キライ
信用,シンヨウ
差別,サベツ
確保,カクホ
びっくり,ビックリ
以後,イゴ
初め,ハジメ
総合,ソウゴウ
観光,カンコウ
発達,ハッタツ
秘密,ヒミツ
工事,コウジ
案内,アンナイ
出発,シュッパツ
刺激,シゲキ
違反,イハン
報道,ホウドウ
そもそも,ソモソモ
固定,コテイ
入札,ニュウサツ
設立,セツリツ
禁止,キンシ
離婚,リコン
一応,イチオウ
解放,カイホウ
実践,ジッセン
援助,エンジョ
我慢,ガマン
デザイン,デザイン
改正,カイセイ
多少,タショウ
提案,テイアン
転換,テンカン
呼吸,コキュウ
自殺,ジサツ
正直,ショウジキ
上昇,ジョウショウ
破壊,ハカイ
再生,サイセイ
悪,アク
措置,ソチ
後半,コウハン
うわさ,ウワサ
練習,レンシュウ
定義,テイギ
古代,コダイ
記述,キジュツ
活用,カツヨウ
バランス,バランス
翌日,ヨクジツ
退職,タイショク
区別,クベツ
輸入,ユニュウ
迷惑,メイワク
先程,サキホド
雇用,コヨウ
恐怖,キョウフ
統一,トウイツ
貿易,ボウエキ
当初,トウショ
撮影,サツエイ
設計,セッケイ
結論,ケツロン
就職,シュウショク
確立,カクリツ
訪問,ホウモン
対立,タイリツ
午前,ゴゼン
達成,タッセイ
運営,ウンエイ
強制,キョウセイ
不明,フメイ
解説,カイセツ
徹底,テッテイ
喧嘩,ケンカ
相続,ソウゾク
象徴,ショウチョウ
感謝,カンシャ
記念,キネン
入力,ニュウリョク
連合,レンゴウ
訓練,クンレン
アドバイス,アドバイス
思考,シコウ
半ば,ナカバ
減少,ゲンショウ
回転,カイテン
無駄,ムダ
強調,キョウチョウ
診断,シンダン
創造,ソウゾウ
進行,シンコウ
拒否,キョヒ
プログラム,プログラム
意図,イト
一致,イッチ
途端,トタン
オン,オン
注文,チュウモン
代理,ダイリ
昼,ヒル
最低,サイテイ
直後,チョクゴ
工夫,クフウ
恋,コイ
向上,コウジョウ
継続,ケイゾク
推進,スイシン
判決,ハンケツ
勤務,キンム
重視,ジュウシ
経過,ケイカ
宣言,センゲン
取材,シュザイ
預金,ヨキン
連続,レンゾク
優先,ユウセン
化粧,ケショウ
自転,ジテン
強化,キョウカ
到着,トウチャク
活躍,カツヤク
死亡,シボウ
審査,シンサ
唯一,ユイイツ
著作,チョサク
先日,センジツ
装置,ソウチ
崩壊,ホウカイ
毎年,マイトシ
不満,フマン
適当,テキトウ
コピー,コピー
発揮,ハッキ
分類,ブンルイ
詳細,ショウサイ
暇,ヒマ
操作,ソウサ
ショック,ショック
支持,シジ
貢献,コウケン
設備,セツビ
留学,リュウガク
覚悟,カクゴ
試合,シアイ
限定,ゲンテイ
駐車,チュウシャ
供給,キョウキュウ
逮捕,タイホ
便利,ベンリ
コントロール,コントロール
企画,キカク
監査,カンサ
観念,カンネン
印刷,インサツ
感動,カンドウ
出産,シュッサン
把握,ハアク
得意,トクイ
恋愛,レンアイ
興奮,コウフン
発想,ハッソウ
コミュニケーション,コミュニケーション
セックス,セックス
混乱,コンラン
執行,シッコウ
加入,カニュウ
交流,コウリュウ
考慮,コウリョ
中世,チュウセイ
合併,ガッペイ
掃除,ソウジ
予防,ヨボウ
戦闘,セントウ
夕方,ユウガタ
許可,キョカ
統合,トウゴウ
スタート,スタート
運用,ウンヨウ
承知,ショウチ
配慮,ハイリョ
輸出,ユシュツ
生涯,ショウガイ
半年,ハントシ
真剣,シンケン
発送,ハッソウ
掲載,ケイサイ
予測,ヨソク
失礼,シツレイ
出現,シュツゲン
確定,カクテイ
獲得,カクトク
学問,ガクモン
晩,バン
テスト,テスト
充実,ジュウジツ
洗濯,センタク
大型,オオガタ
引用,インヨウ
帰国,キコク
商売,ショウバイ
平等,ビョウドウ
以内,イナイ
遠く,トオク
流行,リュウコウ
訴訟,ソショウ
普及,フキュウ
幸福,コウフク
今夜,コンヤ
感染,カンセン
対処,タイショ
受験,ジュケン
接続,セツゾク
出席,シュッセキ
偶然,グウゼン
不幸,フコウ
依存,イゾン
防止,ボウシ
反映,ハンエイ
自覚,ジカク
セット,セット
加減,カゲン
本気,ホンキ
演奏,エンソウ
補助,ホジョ
下手,ヘタ
おり,オリ
予約,ヨヤク
ノート,ノート
邪魔,ジャマ
配置,ハイチ
日曜,ニチヨウ
ベスト,ベスト
指揮,シキ
共有,キョウユウ
課税,カゼイ
自立,ジリツ
賠償,バイショウ
買い物,カイモノ
高級,コウキュウ
動作,ドウサ
要請,ヨウセイ
無事,ブジ
平気,ヘイキ
構築,コウチク
給付,キュウフ
けが,ケガ
自衛,ジエイ
修正,シュウセイ
吸収,キュウシュウ
プラス,プラス
排除,ハイジョ
圧倒,アットウ
説得,セットク
乾燥,カンソウ
爆発,バクハツ
正,セイ
統計,トウケイ
防衛,ボウエイ
行使,コウシ
個別,コベツ
マイナス,マイナス
通知,ツウチ
開催,カイサイ
停止,テイシ
矛盾,ムジュン
正当,セイトウ
入学,ニュウガク
バック,バック
申請,シンセイ
実感,ジッカン
研修,ケンシュウ
控除,コウジョ
延長,エンチョウ
前述,ゼンジュツ
失業,シツギョウ
フリー,フリー
確信,カクシン
高速,コウソク
譲渡,ジョウト
流通,リュウツウ
不良,フリョウ
上下,ジョウゲ
メモ,メモ
栽培,サイバイ
直前,チョクゼン
司令,シレイ
専用,センヨウ
借金,シャッキン
進歩,シンポ
反省,ハンセイ
促進,ソクシン
対抗,タイコウ
留守,ルス
近年,キンネン
客観,キャッカン
監視,カンシ
修理,シュウリ
分離,ブンリ
変動,ヘンドウ
測定,ソクテイ
一人ひとり,ヒトリヒトリ
同意,ドウイ
侵入,シンニュウ
勝利,ショウリ
結合,ケツゴウ
加工,カコウ
区分,クブン
進出,シンシュツ
活性,カッセイ
傍ら,カタワラ
極端,キョクタン
該当,ガイトウ
廃止,ハイシ
追加,ツイカ
遠慮,エンリョ
分割,ブンカツ
移民,イミン
散歩,サンポ
出入,デイリ
協議,キョウギ
名誉,メイヨ
告白,コクハク
発明,ハツメイ
合格,ゴウカク
翌年,ヨクネン
支給,シキュウ
緊急,キンキュウ
夜中,ヨナカ
味方,ミカタ
植民,ショクミン
免許,メンキョ
抑制,ヨクセイ
対照,タイショウ
不意,フイ
放射,ホウシャ
面接,メンセツ
昼間,ヒルマ
解消,カイショウ
リスト,リスト
分布,ブンプ
接触,セッショク
非難,ヒナン
消滅,ショウメツ
違法,イホウ
収集,シュウシュウ
子育て,コソダテ
合計,ゴウケイ
冷静,レイセイ
賛成,サンセイ
キス,キス
売買,バイバイ
やりとり,ヤリトリ
入手,ニュウシュ
マーク,マーク
想定,ソウテイ
アクセス,アクセス
占領,センリョウ
勝負,ショウブ
一面,イチメン
住居,ジュウキョ
パック,パック
滞在,タイザイ
由来,ユライ
昨夜,サクヤ
復活,フッカツ
時刻,ジコク
発売,ハツバイ
誤解,ゴカイ
決意,ケツイ
プレー,プレー
担保,タンポ
真似,マネ
挑戦,チョウセン
前半,ゼンハン
戦前,センゼン
慎重,シンチョウ
最中,サイチュウ
自慢,ジマン
相違,ソウイ
修行,シュギョウ
通過,ツウカ
構想,コウソウ
正常,セイジョウ
交代,コウタイ
証言,ショウゲン
調達,チョウタツ
融資,ユウシ
同盟,ドウメイ
制定,セイテイ
推定,スイテイ
所属,ショゾク
遺言,ユイゴン
冷蔵,レイゾウ
移行,イコウ
協定,キョウテイ
沈黙,チンモク
認定,ニンテイ
居住,キョジュウ
苦手,ニガテ
保有,ホユウ
ケア,ケア
昨年,サクネン
輸送,ユソウ
家事,カジ
提示,テイジ
少数,ショウスウ
制作,セイサク
ドライブ,ドライブ
サイン,サイン
更新,コウシン
固有,コユウ
悪化,アッカ
編成,ヘンセイ
申告,シンコク
ミス,ミス
双方,ソウホウ
翻訳,ホンヤク
カット,カット
奉行,ブギョウ
後悔,コウカイ
闘争,トウソウ
プレゼント,プレゼント
宣伝,センデン
親切,シンセツ
展示,テンジ
回収,カイシュウ
元年,ガンネン
推測,スイソク
過剰,カジョウ
侵略,シンリャク
注射,チュウシャ
出演,シュツエン
講演,コウエン
感心,カンシン
無限,ムゲン
分裂,ブンレツ
去年,キョネン
警戒,ケイカイ
循環,ジュンカン
追求,ツイキュウ
小型,コガタ
統治,トウチ
デジタル,デジタル
エッチ,エッチ
芝居,シバイ
認知,ニンチ
製作,セイサク
保守,ホシュ
刊行,カンコウ
出血,シュッケツ
拡張,カクチョウ
考察,コウサツ
尊敬,ソンケイ
摂取,セッシュ
入金,ニュウキン
移転,イテン
ダイエット,ダイエット
放棄,ホウキ
当日,トウジツ
インストール,インストール
決断,ケツダン
始末,シマツ
志向,シコウ
返済,ヘンサイ
登記,トウキ
苦痛,クツウ
尊重,ソンチョウ
演出,エンシュツ
定着,テイチャク
施行,シコウ
登校,トウコウ
避難,ヒナン
保全,ホゼン
合意,ゴウイ
起動,キドウ
集会,シュウカイ
ダウン,ダウン
承認,ショウニン
増大,ゾウダイ
持続,ジゾク
進展,シンテン
応援,オウエン
公正,コウセイ
関与,カンヨ
長年,ナガネン
到達,トウタツ
集合,シュウゴウ
育成,イクセイ
欲求,ヨッキュウ
総理,ソウリ
毎月,マイツキ
中止,チュウシ
放置,ホウチ
一貫,イッカン
削減,サクゲン
紛争,フンソウ
支出,シシュツ
生存,セイゾン
救済,キュウサイ
汚染,オセン
審議,シンギ
受信,ジュシン
競技,キョウギ
コメント,コメント
未満,ミマン
診療,シンリョウ
反発,ハンパツ
深夜,シンヤ
緩和,カンワ
改良,カイリョウ
記入,キニュウ
収容,シュウヨウ
蓄積,チクセキ
日ごろ,ヒゴロ
帰宅,キタク
就任,シュウニン
酸化,サンカ
土曜,ドヨウ
探偵,タンテイ
不快,フカイ
変換,ヘンカン
再度,サイド
伝達,デンタツ
睡眠,スイミン
同居,ドウキョ
委託,イタク
出張,シュッチョウ
独占,ドクセン
孤独,コドク
カバー,カバー
工作,コウサク
表明,ヒョウメイ
投票,トウヒョウ
執筆,シッピツ
冷凍,レイトウ
付属,フゾク
出土,シュツド
イライラ,イライラ
ステップ,ステップ
信託,シンタク
適応,テキオウ
死後,シゴ
破綻,ハタン
敗戦,ハイセン
開放,カイホウ
アルバイト,アルバイト
進化,シンカ
侵害,シンガイ
分解,ブンカイ
外出,ガイシュツ
宿泊,シュクハク
開示,カイジ
肯定,コウテイ
若干,ジャッカン
手当,テアテ
古く,フルク
統制,トウセイ
完璧,カンペキ
オープン,オープン
普遍,フヘン
見物,ケンブツ
解体,カイタイ
調理,チョウリ
遂行,スイコウ
稽古,ケイコ
貧乏,ビンボウ
同年,ドウネン
公平,コウヘイ
浸透,シントウ
募集,ボシュウ
保持,ホジ
通用,ツウヨウ
ハイ,ハイ
制約,セイヤク
送信,ソウシン
所在,ショザイ
損失,ソンシツ
解除,カイジョ
表記,ヒョウキ
発音,ハツオン
署名,ショメイ
浮気,ウワキ
評論,ヒョウロン
公表,コウヒョウ
発電,ハツデン
掲示,ケイジ
苦笑,クショウ
インタビュー,インタビュー
オフ,オフ
講義,コウギ
解散,カイサン
成人,セイジン
挿入,ソウニュウ
決算,ケッサン
制御,セイギョ
保管,ホカン
決済,ケッサイ
廃棄,ハイキ
バイト,バイト
衝突,ショウトツ
休日,キュウジツ
配分,ハイブン
微笑,ビショウ
連携,レンケイ
消化,ショウカ
今朝,ケサ
不正,フセイ
前日,ゼンジツ
三角,サンカク
アプローチ,アプローチ
検察,ケンサツ
上陸,ジョウリク
デート,デート
皮肉,ヒニク
市販,シハン
休業,キュウギョウ
完了,カンリョウ
開拓,カイタク
反射,ハンシャ
決心,ケッシン
合成,ゴウセイ
処置,ショチ
嫉妬,シット
通,ツウ
来年,ライネン
再建,サイケン
創設,ソウセツ
動員,ドウイン
トンネル,トンネル
一目,イチモク
絶望,ゼツボウ
阿呆,アホウ
ダンス,ダンス
復帰,フッキ
補償,ホショウ
登山,トザン
破産,ハサン
最悪,サイアク
喪失,ソウシツ
配当,ハイトウ
不倫,フリン
診察,シンサツ
反論,ハンロン
回避,カイヒ
貸借,タイシャク
招待,ショウタイ
妥当,ダトウ
入社,ニュウシャ
実用,ジツヨウ
生成,セイセイ
交差,コウサ
応用,オウヨウ
守護,シュゴ
批評,ヒヒョウ
抗議,コウギ
誘導,ユウドウ
給与,キュウヨ
中期,チュウキ
歓迎,カンゲイ
解明,カイメイ
連結,レンケツ
履行,リコウ
移住,イジュウ
殺害,サツガイ
贅沢,ゼイタク
収穫,シュウカク
決議,ケツギ
見学,ケンガク
水平,スイヘイ
分配,ブンパイ
推移,スイイ
移植,イショク
同情,ドウジョウ
優勝,ユウショウ
従事,ジュウジ
結成,ケッセイ
支度,シタク
馳走,チソウ
正解,セイカイ
勘違い,カンチガイ
類似,ルイジ
視聴,シチョウ
提起,テイキ
対話,タイワ
派手,ハデ
接近,セッキン
克服,コクフク
介入,カイニュウ
修道,シュウドウ
愉快,ユカイ
示唆,シサ
沙汰,サタ
抽象,チュウショウ
神秘,シンピ
進学,シンガク
対面,タイメン
あれこれ,アレコレ
披露,ヒロウ
定年,テイネン
貯金,チョキン
ヤクザ,ヤクザ
作曲,サッキョク
変革,ヘンカク
拘束,コウソク
先行,センコウ
出資,シュッシ
判定,ハンテイ
目撃,モクゲキ
投入,トウニュウ
ハード,ハード
行列,ギョウレツ
解剖,カイボウ
受け付け,ウケツケ
いたずら,イタズラ
継承,ケイショウ
トレーニング,トレーニング
実在,ジツザイ
可,カ
分泌,ブンピツ
前年,ゼンネン
膨大,ボウダイ
調和,チョウワ
徴収,チョウシュウ
調節,チョウセツ
直面,チョクメン
クリア,クリア
疲労,ヒロウ
キャンプ,キャンプ
分担,ブンタン
伝承,デンショウ
開設,カイセツ
虐待,ギャクタイ
在庫,ザイコ
合衆,ガッシュウ
売却,バイキャク
出世,シュッセ
読書,ドクショ
返還,ヘンカン
鑑定,カンテイ
連載,レンサイ
途上,トジョウ
倒産,トウサン
改造,カイゾウ
復興,フッコウ
追放,ツイホウ
存続,ソンゾク
厄介,ヤッカイ
複合,フクゴウ
カウンセリング,カウンセリング
紅葉,コウヨウ
挙げ句,アゲク
繁栄,ハンエイ
分散,ブンサン
任命,ニンメイ
創作,ソウサク
スイッチ,スイッチ
描写,ビョウシャ
潜在,センザイ
敏感,ビンカン
成熟,セイジュク
言及,ゲンキュウ
勘定,カンジョウ
用心,ヨウジン
武装,ブソウ
処方,ショホウ
脱出,ダッシュツ
交際,コウサイ
配達,ハイタツ
検証,ケンショウ
哀,アワレ
革新,カクシン
引っ越し,ヒッコシ
交付,コウフ
主導,シュドウ
装飾,ソウショク
動揺,ドウヨウ
細工,サイク
幻想,ゲンソウ
借り入れ,カリイレ
了解,リョウカイ
乱暴,ランボウ
ヒット,ヒット
航海,コウカイ
演説,エンゼツ
中略,チュウリャク
既存,キソン
走行,ソウコウ
予感,ヨカン
担任,タンニン
無効,ムコウ
観測,カンソク
在住,ザイジュウ
警備,ケイビ
退院,タイイン
論争,ロンソウ
出生,シュッショウ
早く,ハヤク
サポート,サポート
縮小,シュクショウ
閉鎖,ヘイサ
付加,フカ
念仏,ネンブツ
持参,ジサン
翌朝,ヨクアサ
前進,ゼンシン
発掘,ハックツ
誠実,セイジツ
幸運,コウウン
優位,ユウイ
レポート,レポート
願望,ガンボウ
在日,ザイニチ
ブロック,ブロック
浪人,ロウニン
判明,ハンメイ
転職,テンショク
知覚,チカク
警告,ケイコク
近ごろ,チカゴロ
干渉,カンショウ
ダウンロード,ダウンロード
連想,レンソウ
マスター,マスター
わがまま,ワガママ
おしゃれ,オシャレ
悲惨,ヒサン
受診,ジュシン
ゴール,ゴール
合戦,カッセン
在宅,ザイタク
言い訳,イイワケ
展望,テンボウ
追及,ツイキュウ
加盟,カメイ
排出,ハイシュツ
発射,ハッシャ
共感,キョウカン
プール,プール
高価,コウカ
括弧,カッコ
排卵,ハイラン
グレー,グレー
オーバー,オーバー
比例,ヒレイ
節約,セツヤク
問い合わせ,トイアワセ
毎回,マイカイ
往復,オウフク
パス,パス
連帯,レンタイ
計上,ケイジョウ
麻酔,マスイ
反抗,ハンコウ
一段,イチダン
彫刻,チョウコク
流動,リュウドウ
上場,ジョウジョウ
発足,ホッソク
抑圧,ヨクアツ
買収,バイシュウ
貯蓄,チョチク
録音,ロクオン
通訳,ツウヤク
経由,ケイユ
会見,カイケン
締結,テイケツ
発信,ハッシン
開業,カイギョウ
内心,ナイシン
スパイ,スパイ
演技,エンギ
快適,カイテキ
寄付,キフ
増殖,ゾウショク
退屈,タイクツ
後見,コウケン
一覧,イチラン
サイクル,サイクル
創業,ソウギョウ
加速,カソク
点検,テンケン
添付,テンプ
復元,フクゲン
弁済,ベンサイ
省略,ショウリャク
半端,ハンパ
不利,フリ
承諾,ショウダク
結晶,ケッショウ
暗殺,アンサツ
同行,ドウコウ
仮定,カテイ
不審,フシン
圧縮,アッシュク
通勤,ツウキン
出願,シュツガン
素朴,ソボク
受賞,ジュショウ
合図,アイズ
安堵,アンド
策定,サクテイ
婚姻,コンイン
受容,ジュヨウ
就業,シュウギョウ
脅迫,キョウハク
休憩,キュウケイ
初頭,ショトウ
補給,ホキュウ
オリジナル,オリジナル
除去,ジョキョ
要望,ヨウボウ
月曜,ゲツヨウ
錯覚,サッカク
出勤,シュッキン
早朝,ソウチョウ
デビュー,デビュー
主催,シュサイ
修復,シュウフク
照明,ショウメイ
扶養,フヨウ
放出,ホウシュツ
融合,ユウゴウ
入浴,ニュウヨク
無知,ムチ
前回,ゼンカイ
公演,コウエン
受給,ジュキュウ
赴任,フニン
豪華,ゴウカ
孤立,コリツ
懸念,ケネン
マッサージ,マッサージ
投与,トウヨ
高額,コウガク
野生,ヤセイ
会談,カイダン
算定,サンテイ
妄想,モウソウ
俗,ゾク
騒動,ソウドウ
暗示,アンジ
衝動,ショウドウ
空襲,クウシュウ
上京,ジョウキョウ
出家,シュッケ
通行,ツウコウ
養成,ヨウセイ
推理,スイリ
おおむね,オオムネ
整形,セイケイ
キャンセル,キャンセル
神聖,シンセイ
収録,シュウロク
飼育,シイク
転送,テンソウ
引退,インタイ
浄化,ジョウカ
平凡,ヘイボン
養育,ヨウイク
清潔,セイケツ
執着,シュウチャク
寄与,キヨ
参入,サンニュウ
婚約,コンヤク
反乱,ハンラン
喫煙,キツエン
出力,シュツリョク
冒険,ボウケン
シフト,シフト
応募,オウボ
傾斜,ケイシャ
不能,フノウ
振動,シンドウ
リサイクル,リサイクル
投稿,トウコウ
無用,ムヨウ
拒絶,キョゼツ
小売り,コウリ
留保,リュウホ
圧迫,アッパク
歩行,ホコウ
裁量,サイリョウ
明記,メイキ
撤退,テッタイ
繁殖,ハンショク
妥協,ダキョウ
認可,ニンカ
軽減,ケイゲン
ガイド,ガイド
隠居,インキョ
晩年,バンネン
ファックス,ファックス
振興,シンコウ
垂直,スイチョク
潜水,センスイ
貸し付け,カシツケ
謝罪,シャザイ
説教,セッキョウ
葛藤,カットウ
推薦,スイセン
割り引き,ワリビキ
不便,フベン
リード,リード
付与,フヨ
体操,タイソウ
還元,カンゲン
マクロ,マクロ
調味,チョウミ
横断,オウダン
飛躍,ヒヤク
検定,ケンテイ
流入,リュウニュウ
奉仕,ホウシ
賃貸,チンタイ
中毒,チュウドク
染色,センショク
論議,ロンギ
指名,シメイ
貧困,ヒンコン
留意,リュウイ
レンタル,レンタル
相関,ソウカン
再現,サイゲン
到来,トウライ
返答,ヘントウ
審判,シンパン
集約,シュウヤク
抗弁,コウベン
反面,ハンメン
降伏,コウフク
教訓,キョウクン
年末,ネンマツ
出所,シュッショ
代謝,タイシャ
中断,チュウダン
実証,ジッショウ
自律,ジリツ
総裁,ソウサイ
故障,コショウ
万一,マンイチ
手入れ,テイレ
防御,ボウギョ
通報,ツウホウ
当選,トウセン
残酷,ザンコク
心中,シンジュウ
戦死,センシ
出場,シュツジョウ
コーチ,コーチ
嫌悪,ケンオ
一夜,イチヤ
阻止,ソシ
応接,オウセツ
爆撃,バクゲキ
訂正,テイセイ
変形,ヘンケイ
告知,コクチ
少量,ショウリョウ
金曜,キンヨウ
うっかり,ウッカリ
特異,トクイ
デモ,デモ
建造,ケンゾウ
控訴,コウソ
切断,セツダン
習得,シュウトク
運送,ウンソウ
交易,コウエキ
検出,ケンシュツ
礼拝,レイハイ
管轄,カンカツ
補強,ホキョウ
突入,トツニュウ
中継,チュウケイ
ショート,ショート
逆転,ギャクテン
予言,ヨゲン
復讐,フクシュウ
有限,ユウゲン
今ごろ,イマゴロ
閲覧,エツラン
未知,ミチ
高温,コウオン
タッチ,タッチ
油断,ユダン
明示,メイジ
解約,カイヤク
処罰,ショバツ
対決,タイケツ
合同,ゴウドウ
返信,ヘンシン
拍手,ハクシュ
群集,グンシュウ
信心,シンジン
再開,サイカイ
対比,タイヒ
本日,ホンジツ
暮れ,クレ
噴火,フンカ
祝福,シュクフク
麻痺,マヒ
適合,テキゴウ
会合,カイゴウ
前記,ゼンキ
参拝,サンパイ
後退,コウタイ
チャレンジ,チャレンジ
免除,メンジョ
規律,キリツ
経理,ケイリ
妨害,ボウガイ
飲食,インショク
衰退,スイタイ
代替,ダイタイ
摩擦,マサツ
モニター,モニター
助言,ジョゲン
断定,ダンテイ
手作り,テヅクリ
リストラ,リストラ
来日,ライニチ
解答,カイトウ
仲介,チュウカイ
征服,セイフク
小柄,コガラ
注入,チュウニュウ
断言,ダンゲン
メジャー,メジャー
分別,ブンベツ
創立,ソウリツ
思い切り,オモイキリ
所持,ショジ
包括,ホウカツ
供養,クヨウ
独裁,ドクサイ
覚醒,カクセイ
カール,カール
巡礼,ジュンレイ
必須,ヒッス
一括,イッカツ
残業,ザンギョウ
議決,ギケツ
便秘,ベンピ
リアル,リアル
往生,オウジョウ
後述,コウジュツ
抽出,チュウシュツ
肥満,ヒマン
賃借,チンシャク
往来,オウライ
運行,ウンコウ
占有,センユウ
毎朝,マイアサ
敗北,ハイボク
和解,ワカイ
手配,テハイ
指令,シレイ
感激,カンゲキ
形容,ケイヨウ
転移,テンイ
アピール,アピール
変身,ヘンシン
ただいま,タダイマ
収納,シュウノウ
生育,セイイク
エラー,エラー
急行,キュウコウ
着手,チャクシュ
誘惑,ユウワク
協同,キョウドウ
解雇,カイコ
尋問,ジンモン
集積,シュウセキ
培養,バイヨウ
受精,ジュセイ
週末,シュウマツ
新築,シンチク
奉公,ホウコウ
認証,ニンショウ
誘拐,ユウカイ
ラン,ラン
総称,ソウショウ
装備,ソウビ
メーク,メーク
委任,イニン
療養,リョウヨウ
要約,ヨウヤク
終結,シュウケツ
提携,テイケイ
解析,カイセキ
決着,ケッチャク
提唱,テイショウ
捜索,ソウサク
起訴,キソ
鑑賞,カンショウ
即位,ソクイ
毎週,マイシュウ
模索,モサク
容赦,ヨウシャ
入居,ニュウキョ
リンク,リンク
今月,コンゲツ
打ち合わせ,ウチアワセ
終始,シュウシ
駆使,クシ
昇進,ショウシン
亡命,ボウメイ
急増,キュウゾウ
独り,ヒトリ
探検,タンケン
講習,コウシュウ
軽蔑,ケイベツ
再婚,サイコン
識別,シキベツ
プライベート,プライベート
転勤,テンキン
付着,フチャク
ランク,ランク
分化,ブンカ
提言,テイゲン
挫折,ザセツ
流出,リュウシュツ
操縦,ソウジュウ
納付,ノウフ
大騒ぎ,オオサワギ
中旬,チュウジュン
弾圧,ダンアツ
類型,ルイケイ
帰属,キゾク
加熱,カネツ
擁護,ヨウゴ
入所,ニュウショ
後日,ゴジツ
特集,トクシュウ
処刑,ショケイ
加算,カサン
服用,フクヨウ
遭遇,ソウグウ
均等,キントウ
異質,イシツ
隣接,リンセツ
古来,コライ
討論,トウロン
テル,テル
苦悩,クノウ
思案,シアン
疎開,ソカイ
採取,サイシュ
選任,センニン
相応,ソウオウ
待機,タイキ
面会,メンカイ
同然,ドウゼン
一刻,イッコク
編纂,ヘンサン
換気,カンキ
プリント,プリント
録画,ロクガ
些細,ササイ
聴取,チョウシュ
排水,ハイスイ
生前,セイゼン
回想,カイソウ
処遇,ショグウ
毎晩,マイバン
突破,トッパ
シール,シール
下宿,ゲシュク
ストレート,ストレート
中絶,チュウゼツ
長寿,チョウジュ
生殖,セイショク
共存,キョウゾン
万が一,マンガイチ
入場,ニュウジョウ
キャッチ,キャッチ
再会,サイカイ
競合,キョウゴウ
パッケージ,パッケージ
納税,ノウゼイ
ケチ,ケチ
停車,テイシャ
協調,キョウチョウ
新設,シンセツ
スタンダード,スタンダード
選定,センテイ
立証,リッショウ
バックアップ,バックアップ
更生,コウセイ
優雅,ユウガ
混合,コンゴウ
投下,トウカ
襲撃,シュウゲキ
渡来,トライ
建国,ケンコク
程,ホド
ショッピング,ショッピング
おしっこ,オシッコ
搭載,トウサイ
下痢,ゲリ
発症,ハッショウ
躊躇,チュウチョ
カーブ,カーブ
正統,セイトウ
命名,メイメイ
充電,ジュウデン
添加,テンカ
視察,シサツ
暴走,ボウソウ
補充,ホジュウ
前期,ゼンキ
入国,ニュウコク
勧告,カンコク
得点,トクテン
奨励,ショウレイ
空想,クウソウ
放火,ホウカ
検診,ケンシン
ばく大,バクダイ
着用,チャクヨウ
回帰,カイキ
同化,ドウカ
昇格,ショウカク
辛抱,シンボウ
年長,ネンチョウ
短縮,タンシュク
排泄,ハイセツ
被災,ヒサイ
養護,ヨウゴ
専念,センネン
常時,ジョウジ
応対,オウタイ
再編,サイヘン
治癒,チユ
幾分,イクブン
ナショナル,ナショナル
供述,キョウジュツ
親密,シンミツ
下旬,ゲジュン
配布,ハイフ
射撃,シャゲキ
両立,リョウリツ
スライド,スライド
マッチ,マッチ
称賛,ショウサン
露出,ロシュツ
ホット,ホット
公認,コウニン
矯正,キョウセイ
予告,ヨコク
考案,コウアン
周知,シュウチ
絶滅,ゼツメツ
禁煙,キンエン
消去,ショウキョ
参画,サンカク
清算,セイサン
因果,インガ
問答,モンドウ
司会,シカイ
困惑,コンワク
ストック,ストック
硬化,コウカ
停滞,テイタイ
現存,ゲンソン
クラシック,クラシック
リラックス,リラックス
ダイヤル,ダイヤル
調停,チョウテイ
立地,リッチ
シャンプー,シャンプー
償却,ショウキャク
便宜,ベンギ
狩猟,シュリョウ
腐敗,フハイ
再発,サイハツ
熱中,ネッチュウ
錯誤,サクゴ
滅亡,メツボウ
並行,ヘイコウ
合流,ゴウリュウ
負傷,フショウ
出荷,シュッカ
発現,ハツゲン
暴行,ボウコウ
上演,ジョウエン
待遇,タイグウ
合法,ゴウホウ
除外,ジョガイ
余分,ヨブン
忠告,チュウコク
密着,ミッチャク
攻略,コウリャク
平行,ヘイコウ
憂鬱,ユウウツ
浮上,フジョウ
最期,サイゴ
変容,ヘンヨウ
区画,クカク
売春,バイシュン
給食,キュウショク
日焼け,ヒヤケ
応答,オウトウ
次回,ジカイ
自作,ジサク
平日,ヘイジツ
受託,ジュタク
発酵,ハッコウ
滅茶苦茶,メチャクチャ
滑稽,コッケイ
つば,ツバ
生息,セイソク
送金,ソウキン
落下,ラッカ
暴露,バクロ
虐殺,ギャクサツ
直感,チョッカン
精密,セイミツ
媒介,バイカイ
宣教,センキョウ
許容,キョヨウ
渋滞,ジュウタイ
換算,カンサン
代行,ダイコウ
造船,ゾウセン
啓蒙,ケイモウ
公明,コウメイ
追跡,ツイセキ
損傷,ソンショウ
土日,ドニチ
協約,キョウヤク
危惧,キグ
接待,セッタイ
逃亡,トウボウ
ローカル,ローカル
宣告,センコク
告発,コクハツ
粋,イキ
創刊,ソウカン
採集,サイシュウ
崇拝,スウハイ
算出,サンシュツ
発注,ハッチュウ
連日,レンジツ
負荷,フカ
所蔵,ショゾウ
選出,センシュツ
消耗,ショウモウ
樹立,ジュリツ
繊細,センサイ
消毒,ショウドク
エコ,エコ
有能,ユウノウ
対称,タイショウ
改訂,カイテイ
賢明,ケンメイ
発覚,ハッカク
通院,ツウイン
送付,ソウフ
凝視,ギョウシ
図式,ズシキ
洗練,センレン
勤労,キンロウ
開戦,カイセン
高揚,コウヨウ
完結,カンケツ
駐在,チュウザイ
演習,エンシュウ
拉致,ラチ
贈与,ゾウヨ
建立,コンリュウ
重複,チョウフク
連鎖,レンサ
包囲,ホウイ
静,セイ
配列,ハイレツ
通商,ツウショウ
祈祷,キトウ
査定,サテイ
勧誘,カンユウ
優遇,ユウグウ
推論,スイロン
侵攻,シンコウ
クリーニング,クリーニング
入門,ニュウモン
宅配,タクハイ
改札,カイサツ
瞑想,メイソウ
ノック,ノック
排気,ハイキ
予期,ヨキ
吟味,ギンミ
各自,カクジ
コール,コール
運搬,ウンパン
味付け,アジツケ
相殺,ソウサイ
比喩,ヒユ
遊牧,ユウボク
同調,ドウチョウ
報復,ホウフク
阻害,ソガイ
奇怪,キカイ
一変,イッペン
ドローン,ドローン
コロナウイルス,コロナウイルス
やけど,ヤケド
拠出,キョシュツ
計測,ケイソク
同期,ドウキ
変貌,ヘンボウ
創出,ソウシュツ
一律,イチリツ
代議,ダイギ
多量,タリョウ
掌握,ショウアク
興行,コウギョウ
一遍,イッペン
格闘,カクトウ
ガード,ガード
膨張,ボウチョウ
制裁,セイサイ
志望,シボウ
年中,ネンジュウ
贔屓,ヒイキ
洗面,センメン
有益,ユウエキ
離脱,リダツ
未練,ミレン
水曜,スイヨウ
欠如,ケツジョ
総括,ソウカツ
凍結,トウケツ
空腹,クウフク
辞任,ジニン
超過,チョウカ
来週,ライシュウ
上等,ジョウトウ
ストップ,ストップ
長生き,ナガイキ
享受,キョウジュ
従属,ジュウゾク
合唱,ガッショウ
補佐,ホサ
作動,サドウ
起業,キギョウ
締約,テイヤク
昨今,サッコン
呼称,コショウ
拡散,カクサン
求人,キュウジン
清掃,セイソウ
超越,チョウエツ
ほ乳,ホニュウ
収縮,シュウシュク
変遷,ヘンセン
初日,ショニチ
補完,ホカン
領収,リョウシュウ
乱用,ランヨウ
決戦,ケッセン
無力,ムリョク
自給,ジキュウ
併用,ヘイヨウ
災い,ワザワイ
分業,ブンギョウ
発動,ハツドウ
脱毛,ダツモウ
無念,ムネン
下落,ゲラク
キック,キック
伝導,デンドウ
グッド,グッド
察知,サッチ
代用,ダイヨウ
行き来,イキキ
容認,ヨウニン
祈願,キガン
暖房,ダンボウ
前夜,ゼンヤ
多発,タハツ
共生,キョウセイ
受講,ジュコウ
護衛,ゴエイ
留置,リュウチ
預言,ヨゲン
合致,ガッチ
混雑,コンザツ
有用,ユウヨウ
団結,ダンケツ
救援,キュウエン
強要,キョウヨウ
接客,セッキャク
遮断,シャダン
着目,チャクモク
単身,タンシン
後年,コウネン
憎悪,ゾウオ
死去,シキョ
拷問,ゴウモン
避妊,ヒニン
同棲,ドウセイ
強迫,キョウハク
こん包,コンポウ
通告,ツウコク
臆病,オクビョウ
整合,セイゴウ
空白,クウハク
放映,ホウエイ
堕落,ダラク
立案,リツアン
集計,シュウケイ
補足,ホソク
合体,ガッタイ
無礼,ブレイ
服従,フクジュウ
慰謝,イシャ
アダルト,アダルト
予報,ヨホウ
皆無,カイム
簡潔,カンケツ
痛感,ツウカン
恐縮,キョウシュク
退治,タイジ
オーダー,オーダー
守備,シュビ
是正,ゼセイ
下車,ゲシャ
推察,スイサツ
好感,コウカン
南下,ナンカ
時分,ジブン
猶予,ユウヨ
明細,メイサイ
シミュレーション,シミュレーション
燃焼,ネンショウ
旬,シュン
益,エキ
受理,ジュリ
水泳,スイエイ
断念,ダンネン
握手,アクシュ
愛用,アイヨウ
フォロー,フォロー
模倣,モホウ
搭乗,トウジョウ
開花,カイカ
照射,ショウシャ
充足,ジュウソク
増強,ゾウキョウ
評議,ヒョウギ
上洛,ジョウラク
専攻,センコウ
混同,コンドウ
失望,シツボウ
硬直,コウチョク
試行,シコウ
助成,ジョセイ
痙攣,ケイレン
骨折,コッセツ
消失,ショウシツ
先週,センシュウ
催促,サイソク
付録,フロク
主演,シュエン
転落,テンラク
探索,タンサク
感受,カンジュ
伐採,バッサイ
自営,ジエイ
出陣,シュツジン
メンテナンス,メンテナンス
敵対,テキタイ
遠征,エンセイ
遅刻,チコク
愛撫,アイブ
スイング,スイング
化合,カゴウ
拝見,ハイケン
帰還,キカン
道中,ドウチュウ
声明,セイメイ
配給,ハイキュウ
スプレー,スプレー
発芽,ハツガ
差し押さえ,サシオサエ
感嘆,カンタン
稼働,カドウ
低迷,テイメイ
中性,チュウセイ
前出,ゼンシュツ
辞退,ジタイ
実習,ジッシュウ
駆逐,クチク
繁盛,ハンジョウ
入会,ニュウカイ
平穏,ヘイオン
静寂,セイジャク
懐中,カイチュウ
不服,フフク
忍耐,ニンタイ
聡明,ソウメイ
反復,ハンプク
先駆,センク
極度,キョクド
起因,キイン
叙述,ジョジュツ
嫌味,イヤミ
昼寝,ヒルネ
釈放,シャクホウ
駆除,クジョ
今晩,コンバン
来月,ライゲツ
修業,シュギョウ
過大,カダイ
連動,レンドウ
心持ち,ココロモチ
朗読,ロウドク
別居,ベッキョ
派生,ハセイ
ウォッチ,ウォッチ
作文,サクブン
四角,シカク
優越,ユウエツ
中ごろ,ナカゴロ
屈折,クッセツ
購買,コウバイ
抱っこ,ダッコ
被爆,ヒバク
包装,ホウソウ
ぼっ発,ボッパツ
インターナショナル,インターナショナル
啓発,ケイハツ
沸騰,フットウ
布教,フキョウ
壊滅,カイメツ
反撃,ハンゲキ
台頭,タイトウ
ジャンプ,ジャンプ
作為,サクイ
受注,ジュチュウ
通話,ツウワ
吸引,キュウイン
破滅,ハメツ
辞儀,ジギ
歓喜,カンキ
通達,ツウタツ
選抜,センバツ
嘔吐,オウト
発病,ハツビョウ
窃盗,セットウ
火曜,カヨウ
隔離,カクリ
分岐,ブンキ
半日,ハンニチ
熱狂,ネッキョウ
抗争,コウソウ
威嚇,イカク
先月,センゲツ
了承,リョウショウ
手助け,テダスケ
強大,キョウダイ
解読,カイドク
捕獲,ホカク
接着,セッチャク
静止,セイシ
増幅,ゾウフク
造形,ゾウケイ
行進,コウシン
正午,ショウゴ
出動,シュツドウ
フォーマット,フォーマット
統括,トウカツ
堆積,タイセキ
切開,セッカイ
貧血,ヒンケツ
多忙,タボウ
匹敵,ヒッテキ
ありのまま,アリノママ
直観,チョッカン
脱走,ダッソウ
安静,アンセイ
就労,シュウロウ
直結,チョッケツ
丁重,テイチョウ
郵送,ユウソウ
貯蔵,チョゾウ
減額,ゲンガク
スケッチ,スケッチ
争議,ソウギ
現像,ゲンゾウ
洞察,ドウサツ
対談,タイダン
遊戯,ユウギ
中傷,チュウショウ
下請け,シタウケ
準用,ジュンヨウ
呼応,コオウ
傲慢,ゴウマン
平方,ヘイホウ
空っぽ,カラッポ
賛美,サンビ
始終,シジュウ
オナニー,オナニー
転倒,テントウ
発散,ハッサン
救助,キュウジョ
成就,ジョウジュ
施工,シコウ
展覧,テンラン
万歳,バンザイ
伝来,デンライ
参詣,サンケイ
切除,セツジョ
遅く,オソイ
選考,センコウ
不運,フウン
正座,セイザ
答申,トウシン
散乱,サンラン
変異,ヘンイ
尾行,ビコウ
埋葬,マイソウ
でたらめ,デタラメ
懇談,コンダン
迫害,ハクガイ
失踪,シッソウ
長持ち,ナガモチ
返品,ヘンピン
愛着,アイチャク
目の当たり,マノアタリ
荒廃,コウハイ
防備,ボウビ
独創,ドクソウ
通学,ツウガク
縁組,エングミ
終えん,シュウエン
装着,ソウチャク
自負,ジフ
野蛮,ヤバン
指図,サシズ
高貴,コウキ
変態,ヘンタイ
滑走,カッソウ
順守,ジュンシュ
激化,ゲキカ
指向,シコウ
講和,コウワ
即決,ソッケツ
ロール,ロール
愛好,アイコウ
共鳴,キョウメイ
延期,エンキ
在籍,ザイセキ
略奪,リャクダツ
志願,シガン
連行,レンコウ
老化,ロウカ
リターン,リターン
列挙,レッキョ
同感,ドウカン
強行,キョウコウ
採択,サイタク
不吉,フキツ
併合,ヘイゴウ
放浪,ホウロウ
一転,イッテン
断絶,ダンゼツ
先取,センシュ
想起,ソウキ
トータル,トータル
無邪気,ムジャキ
化石,カセキ
ランキング,ランキング
低温,テイオン
マップ,マップ
出費,シュッピ
寛容,カンヨウ
家出,イエデ
談話,ダンワ
傷害,ショウガイ
改定,カイテイ
反響,ハンキョウ
架空,カクウ
楽観,ラッカン
浪費,ロウヒ
来訪,ライホウ
逸脱,イツダツ
散策,サンサク
リハビリ,リハビリ
転売,テンバイ
チャット,チャット
配属,ハイゾク
激減,ゲキゲン
喚起,カンキ
小便,ショウベン
撤廃,テッパイ
レイプ,レイプ
流布,ルフ
破棄,ハキ
出頭,シュットウ
ポップ,ポップ
連立,レンリツ
休息,キュウソク
欠落,ケツラク
選別,センベツ
耕作,コウサク
帰結,キケツ
測量,ソクリョウ
乗車,ジョウシャ
漂流,ヒョウリュウ
劣化,レッカ
推計,スイケイ
コンパクト,コンパクト
渡航,トコウ
卑怯,ヒキョウ
落葉,ラクヨウ
下降,カコウ
開封,カイフウ
奉納,ホウノウ
木曜,モクヨウ
殺到,サットウ
舗装,ホソウ
残存,ザンゾン
噴出,フンシュツ
不振,フシン
評定,ヒョウテイ
拡充,カクジュウ
免責,メンセキ
強姦,ゴウカン
没頭,ボットウ
健在,ケンザイ
氾濫,ハンラン
クローズ,クローズ
開通,カイツウ
斡旋,アッセン
ワイド,ワイド
飲酒,インシュ
手記,シュキ
セールス,セールス
ステー,ステー
信任,シンニン
会釈,エシャク
筆記,ヒッキ
大別,タイベツ
乾杯,カンパイ
帰省,キセイ
予知,ヨチ
今週,コンシュウ
スピーチ,スピーチ
伝染,デンセン
注釈,チュウシャク
ミクロ,ミクロ
欠席,ケッセキ
内蔵,ナイゾウ
レイアウト,レイアウト
アレンジ,アレンジ
軽視,ケイシ
嗜好,シコウ
ラッキー,ラッキー
不調,フチョウ
上映,ジョウエイ
たき火,タキビ
正気,セイキ
命中,メイチュウ
ハイテク,ハイテク
ターン,ターン
出兵,シュッペイ
盗聴,トウチョウ
自明,ジメイ
分断,ブンダン
上述,ジョウジュツ
見合い,ミアイ
破損,ハソン
補正,ホセイ
洗浄,センジョウ
献上,ケンジョウ
退去,タイキョ
流産,リュウザン
返金,ヘンキン
変質,ヘンシツ
束縛,ソクバク
討議,トウギ
結集,ケッシュウ
気配り,キクバリ
難解,ナンカイ
瞬き,マバタキ
封鎖,フウサ
塗装,トソウ
警護,ケイゴ
公募,コウボ
衰弱,スイジャク
伝言,デンゴン
熟練,ジュクレン
単行,タンコウ
勘弁,カンベン
フィードバック,フィードバック
他界,タカイ
創始,ソウシ
救出,キュウシュツ
発進,ハッシン
ミックス,ミックス
伝播,デンパ
産出,サンシュツ
授乳,ジュニュウ
上達,ジョウタツ
複製,フクセイ
侮辱,ブジョク
探究,タンキュウ
修学,シュウガク
同日,ドウジツ
北上,ホクジョウ
登用,トウヨウ
占拠,センキョ
誘発,ユウハツ
仮想,カソウ
適格,テキカク
開国,カイコク
デブ,デブ
摘発,テキハツ
挑発,チョウハツ
布告,フコク
風流,フウリュウ
安置,アンチ
偵察,テイサツ
仮設,カセツ
解凍,カイトウ
公選,コウセン
白黒,シロクロ
次長,ジチョウ
従順,ジュウジュン
着陸,チャクリク
外食,ガイショク
調印,チョウイン
増設,ゾウセツ
徴兵,チョウヘイ
値引き,ネビキ
競売,キョウバイ
無謀,ムボウ
看病,カンビョウ
点在,テンザイ
八方,ハッポウ
慰安,イアン
入園,ニュウエン
退学,タイガク
日帰り,ヒガエリ
修繕,シュウゼン
まん延,マンエン
判別,ハンベツ
対峙,タイジ
固執,コシツ
マニア,マニア
平坦,ヘイタン
激怒,ゲキド
珍,チン
閉塞,ヘイソク
偽造,ギゾウ
合掌,ガッショウ
ろうばい,ロウバイ
熟成,ジュクセイ
転生,テンセイ
着信,チャクシン
開店,カイテン
転化,テンカ
肥大,ヒダイ
パーソナル,パーソナル
絶叫,ゼッキョウ
陳述,チンジュツ
多岐,タキ
編入,ヘンニュウ
移入,イニュウ
探求,タンキュウ
好評,コウヒョウ
シャープ,シャープ
上旬,ジョウジュン
公布,コウフ
増減,ゾウゲン
たむろ,タムロ
座禅,ザゼン
トレード,トレード
審理,シンリ
反転,ハンテン
自称,ジショウ
大喜び,オオヨロコビ
パンチ,パンチ
巡回,ジュンカイ
セクシャル,セクシャル
議定,ギテイ
答弁,トウベン
独断,ドクダン
参戦,サンセン
撤回,テッカイ
反逆,ハンギャク
奇襲,キシュウ
輸血,ユケツ
自白,ジハク
造営,ゾウエイ
生長,セイチョウ
舌打ち,シタウチ
一度,ヒトタビ
半減,ハンゲン
尽力,ジンリョク
病死,ビョウシ
参列,サンレツ
一撃,イチゲキ
糾弾,キュウダン
高騰,コウトウ
発熱,ハツネツ
補修,ホシュウ
苦心,クシン
弁解,ベンカイ
辞職,ジショク
萎縮,イシュク
切腹,セップク
接種,セッシュ
卸売,オロシウリ
誇張,コチョウ
融通,ユウズウ
気まぐれ,キマグレ
発祥,ハッショウ
破裂,ハレツ
均一,キンイツ
誘致,ユウチ
可決,カケツ
梗塞,コウソク
結束,ケッソク
内在,ナイザイ
富裕,フユウ
表出,ヒョウシュツ
対戦,タイセン
注記,チュウキ
勃起,ボッキ
除草,ジョソウ
ちび,チビ
在職,ザイショク
開口,カイコウ
配線,ハイセン
献金,ケンキン
暗記,アンキ
無茶,ムチャ
没落,ボツラク
教示,キョウジ
邪悪,ジャアク
あくび,アクビ
受領,ジュリョウ
抑止,ヨクシ
否認,ヒニン
討伐,トウバツ
凝固,ギョウコ
焼却,ショウキャク
発育,ハツイク
スキャン,スキャン
昼休み,ヒルヤスミ
気まま,キママ
後援,コウエン
裏付け,ウラヅケ
仰天,ギョウテン
カウント,カウント
無垢,ムク
脱退,ダッタイ
夢想,ムソウ
増進,ゾウシン
単調,タンチョウ
養殖,ヨウショク
観賞,カンショウ
リクルート,リクルート
蜂起,ホウキ
減税,ゲンゼイ
求償,キュウショウ
悲観,ヒカン
君臨,クンリン
打開,ダカイ
転校,テンコウ
謹慎,キンシン
脱落,ダツラク
紛失,フンシツ
配備,ハイビ
サーブ,サーブ
嘱託,ショクタク
リフォーム,リフォーム
術後,ジュツゴ
う回,ウカイ
平静,ヘイセイ
明け方,アケガタ
性交,セイコウ
真っ青,マッサオ
没収,ボッシュウ
進駐,シンチュウ
介助,カイジョ
小刻み,コキザミ
懲戒,チョウカイ
純正,ジュンセイ
敬遠,ケイエン
全滅,ゼンメツ
付随,フズイ
華麗,カレイ
感銘,カンメイ
鎖国,サコク
虚構,キョコウ
精進,ショウジン
発車,ハッシャ
散布,サンプ
合宿,ガッシュク
砲撃,ホウゲキ
教習,キョウシュウ
冷却,レイキャク
射殺,シャサツ
刺繍,シシュウ
間抜け,マヌケ
中退,チュウタイ
依拠,イキョ
特約,トクヤク
法度,ハット
パンク,パンク
沈着,チンチャク
蒸留,ジョウリュウ
質素,シッソ
庇護,ヒゴ
嘲笑,チョウショウ
逃走,トウソウ
遭難,ソウナン
ポジティブ,ポジティブ
突進,トッシン
入道,ニュウドウ
召集,ショウシュウ
離職,リショク
乖離,カイリ
遅滞,チタイ
直通,チョクツウ
洗顔,センガン
同席,ドウセキ
続出,ゾクシュツ
搾取,サクシュ
落胆,ラクタン
重宝,チョウホウ
降下,コウカ
値上げ,ネアゲ
進言,シンゲン
見聞,ケンブン
値上がり,ネアガリ
ろ過,ロカ
新年,シンネン
細分,サイブン
チェンジ,チェンジ
告訴,コクソ
交戦,コウセン
はく離,ハクリ
逃避,トウヒ
長続き,ナガツヅキ
手書き,テガキ
在学,ザイガク
起用,キヨウ
脱却,ダッキャク
的中,テキチュウ
堪能,タンノウ
好調,コウチョウ
賞味,ショウミ
殺菌,サッキン
寄進,キシン
成仏,ジョウブツ
墜落,ツイラク
不備,フビ
嘘つき,ウソツキ
光栄,コウエイ
ブリッジ,ブリッジ
マイナー,マイナー
言明,ゲンメイ
傍聴,ボウチョウ
エントリー,エントリー
雑談,ザツダン
投影,トウエイ
徹夜,テツヤ
波及,ハキュウ
陳列,チンレツ
常勤,ジョウキン
両替,リョウガエ
共働き,トモバタラキ
弁論,ベンロン
産卵,サンラン
表彰,ヒョウショウ
無能,ムノウ
金もうけ,カネモウケ
感知,カンチ
納入,ノウニュウ
推奨,スイショウ
リース,リース
白状,ハクジョウ
ゲット,ゲット
驚愕,キョウガク
配信,ハイシン
解禁,カイキン
溶解,ヨウカイ
一礼,イチレイ
微量,ビリョウ
含有,ガンユウ
陽性,ヨウセイ
先取り,サキドリ
交錯,コウサク
私有,シユウ
網羅,モウラ
残留,ザンリュウ
加担,カタン
抜擢,バッテキ
ポピュラー,ポピュラー
体現,タイゲン
失神,シッシン
養生,ヨウジョウ
受諾,ジュダク
賛同,サンドウ
先導,センドウ
主宰,シュサイ
隆盛,リュウセイ
入植,ニュウショク
概観,ガイカン
当惑,トウワク
発起,ホッキ
昼過ぎ,ヒルスギ
美味,ビミ
点滅,テンメツ
修飾,シュウショク
供与,キョウヨ
伝道,デンドウ
分節,ブンセツ
配送,ハイソウ
探査,タンサ
解任,カイニン
承継,ショウケイ
苦闘,クトウ
多用,タヨウ
憤慨,フンガイ
万全,バンゼン
疎外,ソガイ
残虐,ザンギャク
制圧,セイアツ
出向,シュッコウ
予見,ヨケン
焼失,ショウシツ
普請,フシン
舞踏,ブトウ
一座,イチザ
大同,ダイドウ
分娩,ブンベン
減点,ゲンテン
矢先,ヤサキ
念願,ネンガン
孝行,コウコウ
優勢,ユウセイ
顕在,ケンザイ
冷酷,レイコク
合点,ガッテン
定住,テイジュウ
懐疑,カイギ
諮問,シモン
寄生,キセイ
グラフィック,グラフィック
改修,カイシュウ
開港,カイコウ
征伐,セイバツ
詔,ミコトノリ
就学,シュウガク
償還,ショウカン
遺留,イリュウ
自問,ジモン
借用,シャクヨウ
インスタント,インスタント
帰化,キカ
絶句,ゼック
色白,イロジロ
先発,センパツ
換金,カンキン
濃縮,ノウシュク
究明,キュウメイ
勤勉,キンベン
連発,レンパツ
伝授,デンジュ
奇,キ
蒸発,ジョウハツ
明言,メイゲン
虚,ウツロ
航行,コウコウ
即時,ソクジ
量産,リョウサン
減量,ゲンリョウ
断食,ダンジキ
貸与,タイヨ
射精,シャセイ
検挙,ケンキョ
算入,サンニュウ
強気,ツヨキ
イコール,イコール
密集,ミッシュウ
所轄,ショカツ
明後日,ミョウゴニチ
再興,サイコウ
ナチュラル,ナチュラル
醸造,ジョウゾウ
摘出,テキシュツ
激励,ゲキレイ
突出,トッシュツ
エスカレート,エスカレート
休止,キュウシ
驚嘆,キョウタン
退却,タイキャク
発砲,ハッポウ
有意,ユウイ
愛読,アイドク
増税,ゾウゼイ
苦笑い,ニガワライ
無頼,ブライ
公示,コウジ
弾劾,ダンガイ
貯留,チョリュウ
介在,カイザイ
抜粋,バッスイ
緊迫,キンパク
不潔,フケツ
詮索,センサク
献身,ケンシン
過疎,カソ
内定,ナイテイ
逆さま,サカサマ
彩色,サイシキ
大柄,オオガラ
扶助,フジョ
突起,トッキ
近似,キンジ
けん引,ケンイン
擬装,ギソウ
邦訳,ホウヤク
排斥,ハイセキ
離陸,リリク
抹消,マッショウ
起草,キソウ
迂闊,ウカツ
排尿,ハイニョウ
スライス,スライス
薄切り,ウスギリ
冷房,レイボウ
沈没,チンボツ
奔走,ホンソウ
寒冷,カンレイ
陽,ヒ
監禁,カンキン
混入,コンニュウ
リクエスト,リクエスト
募金,ボキン
変色,ヘンショク
鼓動,コドウ
先送り,サキオクリ
誹謗,ヒボウ
発癌,ハツガン
交配,コウハイ
混在,コンザイ
貧弱,ヒンジャク
懇願,コンガン
撤去,テッキョ
早起き,ハヤオキ
同伴,ドウハン
空虚,クウキョ
倍増,バイゾウ
潜伏,センプク
断行,ダンコウ
論証,ロンショウ
従軍,ジュウグン
計量,ケイリョウ
近接,キンセツ
交尾,コウビ
接尾,セツビ
副葬,フクソウ
熟知,ジュクチ
ピックアップ,ピックアップ
投書,トウショ
隠ぺい,インペイ
抹殺,マッサツ
安泰,アンタイ
無口,ムクチ
着任,チャクニン
別途,ベット
不穏,フオン
プロフェッショナル,プロフェッショナル
抽選,チュウセン
無心,ムシン
休職,キュウショク
終止,シュウシ
仲裁,チュウサイ
間引き,マビキ
毀損,キソン
値下げ,ネサゲ
沈殿,チンデン
鈍感,ドンカン
充満,ジュウマン
後進,コウシン
誇示,コジ
重厚,ジュウコウ
休養,キュウヨウ
改名,カイメイ
常任,ジョウニン
行幸,ギョウコウ
救護,キュウゴ
管領,カンリョウ
離乳,リニュウ
思惟,シイ
リカバリー,リカバリー
転居,テンキョ
切迫,セッパク
専属,センゾク
検閲,ケンエツ
一掃,イッソウ
帰郷,キキョウ
カジュアル,カジュアル
清浄,セイジョウ
癒着,ユチャク
紡績,ボウセキ
墨書,ボクショ
速読,ソクドク
号令,ゴウレイ
戦勝,センショウ
アナウンス,アナウンス
完備,カンビ
収拾,シュウシュウ
弱体,ジャクタイ
追悼,ツイトウ
画一,カクイツ
打破,ダハ
累積,ルイセキ
温存,オンゾン
閉店,ヘイテン
上乗せ,ウワノセ
公約,コウヤク
居留,キョリュウ
自生,ジセイ
述懐,ジュッカイ
常傭,ジョウヨウ
助長,ジョチョウ
二分,ニブン
信奉,シンポウ
直属,チョクゾク
出撃,シュツゲキ
明朝,ミョウチョウ
就寝,シュウシン
下山,ゲザン
進撃,シンゲキ
古風,コフウ
ドロップ,ドロップ
増額,ゾウガク
配合,ハイゴウ
レス,レス
暴落,ボウラク
搬出,ハンシュツ
優待,ユウタイ
修補,シュウホ
代弁,ダイベン
続行,ゾッコウ
詳述,ショウジュツ
急進,キュウシン
太古,タイコ
軽快,ケイカイ
失格,シッカク
嫌気,イヤケ
造成,ゾウセイ
有望,ユウボウ
回顧,カイコ
漁獲,ギョカク
駆動,クドウ
在位,ザイイ
漂着,ヒョウチャク
低減,テイゲン
エロ,エロ
描画,ビョウガ
駆け引き,カケヒキ
炊事,スイジ
体感,タイカン
弁明,ベンメイ
退社,タイシャ
移送,イソウ
座談,ザダン
善良,ゼンリョウ
フィット,フィット
失恋,シツレン
出立,シュッタツ
鍛冶,タンヤ
組成,ソセイ
ラップ,ラップ
吸入,キュウニュウ
下垂,カスイ
直撃,チョクゲキ
埋没,マイボツ
親近,シンキン
スカウト,スカウト
寄宿,キシュク
通例,ツウレイ
満喫,マンキツ
フラット,フラット
バスケット,バスケット
眺望,チョウボウ
ねつ造,ネツゾウ
領有,リョウユウ
観戦,カンセン
完治,カンチ
欠乏,ケツボウ
量販,リョウハン
リセット,リセット
分与,ブンヨ
ワックス,ワックス
威圧,イアツ
永続,エイゾク
嘆息,タンソク
アタック,アタック
内職,ナイショク
レビュー,レビュー
修了,シュウリョウ
好色,コウショク
扇動,センドウ
ネガティブ,ネガティブ
出馬,シュツバ
満腹,マンプク
精製,セイセイ
試算,シサン
在留,ザイリュウ
駐留,チュウリュウ
片思い,カタオモイ
啓示,ケイジ
精通,セイツウ
やりくり,ヤリクリ
大笑い,オオワライ
先述,センジュツ
卓越,タクエツ
試作,シサク
夜半,ヤハン
乗船,ジョウセン
殺戮,サツリク
万引き,マンビキ
打倒,ダトウ
放流,ホウリュウ
着地,チャクチ
送迎,ソウゲイ
蒼白,ソウハク
集荷,シュウカ
接合,セツゴウ
ナビ,ナビ
横行,オウコウ
照合,ショウゴウ
改変,カイヘン
雄弁,ユウベン
改称,カイショウ
グルメ,グルメ
道楽,ドウラク
生来,セイライ
監察,カンサツ
倦怠,ケンタイ
電化,デンカ
一瞥,イチベツ
敬礼,ケイレイ
延命,エンメイ
不定,フテイ
復習,フクシュウ
でこぼこ,デコボコ
激突,ゲキトツ
好転,コウテン
独学,ドクガク
忌避,キヒ
譲歩,ジョウホ
乗馬,ジョウバ
駐屯,チュウトン
競走,キョウソウ
感化,カンカ
創建,ソウケン
逆上,ギャクジョウ
複写,フクシャ
改行,カイギョウ
席上,セキジョウ
脱皮,ダッピ
復員,フクイン
亀裂,キレツ
肉食,ニクショク
突撃,トツゲキ
制止,セイシ
投球,トウキュウ
シュート,シュート
直角,チョッカク
発布,ハップ
付帯,フタイ
食前,ショクゼン
鎮圧,チンアツ
探知,タンチ
屈託,クッタク
商談,ショウダン
綿密,メンミツ
着想,チャクソウ
表裏,ヒョウリ
復旧,フッキュウ
律儀,リチギ
急死,キュウシ
失脚,シッキャク
宣戦,センセン
端正,タンセイ
一服,イップク
点火,テンカ
新作,シンサク
停泊,テイハク
治水,チスイ
帰依,キエ
拒食,キョショク
頻発,ヒンパツ
先決,センケツ
奇異,キイ
独り歩き,ヒトリアルキ
露呈,ロテイ
前置き,マエオキ
出社,シュッシャ
乗務,ジョウム
魅了,ミリョウ
発令,ハツレイ
旋回,センカイ
転向,テンコウ
遅延,チエン
土着,ドチャク
等分,トウブン
混血,コンケツ
干拓,カンタク
今宵,コヨイ
陰性,インセイ
奮闘,フントウ
疲弊,ヒヘイ
凝縮,ギョウシュク
叱咤,シッタ
返却,ヘンキャク
略称,リャクショウ
崇高,スウコウ
待ち合わせ,マチアワセ
執務,シツム
けん制,ケンセイ
リベラル,リベラル
喧騒,ケンソウ
火葬,カソウ
例示,レイジ
作詞,サクシ
変装,ヘンソウ
特派,トクハ
操業,ソウギョウ
ダーク,ダーク
精算,セイサン
明晰,メイセキ
習熟,シュウジュク
鎮静,チンセイ
植林,ショクリン
気絶,キゼツ
輪廻,リンネ
封印,フウイン
力説,リキセツ
進入,シンニュウ
億劫,オックウ
揶揄,ヤユ
パレード,パレード
癪,シャク
憶測,オクソク
直立,チョクリツ
忘却,ボウキャク
決闘,ケットウ
リサーチ,リサーチ
徘徊,ハイカイ
転用,テンヨウ
爆笑,バクショウ
滞納,タイノウ
死傷,シショウ
車中,シャチュウ
着工,チャッコウ
脱水,ダッスイ
成型,セイケイ
招集,ショウシュウ
排便,ハイベン
見え隠れ,ミエカクレ
会食,カイショク
清涼,セイリョウ
確証,カクショウ
輩出,ハイシュツ
満開,マンカイ
呪縛,ジュバク
改装,カイソウ
起伏,キフク
淘汰,トウタ
面談,メンダン
かく乱,カクラン
集結,シュウケツ
立ち話,タチバナシ
開閉,カイヘイ
ぜい弱,ゼイジャク
接収,セッシュウ
不純,フジュン
出題,シュツダイ
殺傷,サッショウ
著述,チョジュツ
批准,ヒジュン
点燈,テントウ
出仕,シュッシ
改宗,カイシュウ
浄水,ジョウスイ
プログラミング,プログラミング
居眠り,イネムリ
率先,ソッセン
激変,ゲキヘン
喝采,カッサイ
爽快,ソウカイ
子細,シサイ
手抜き,テヌキ
銃撃,ジュウゲキ
自制,ジセイ
英訳,エイヤク
陳情,チンジョウ
類推,ルイスイ
平定,ヘイテイ
移籍,イセキ
至難,シナン
突発,トッパツ
インチキ,インチキ
飛来,ヒライ
餓死,ガシ
翻弄,ホンロウ
監修,カンシュウ
困窮,コンキュウ
冷淡,レイタン
死滅,シメツ
無敵,ムテキ
防水,ボウスイ
質疑,シツギ
絶縁,ゼツエン
却下,キャッカ
開校,カイコウ
鋳造,チュウゾウ
給油,キュウユ
身震い,ミブルイ
オプショナル,オプショナル
献血,ケンケツ
手近,テヂカ
幾多,イクタ
屈伏,クップク
具現,グゲン
整頓,セイトン
粗野,ソヤ
気兼ね,キガネ
簡便,カンベン
凱旋,ガイセン
入隊,ニュウタイ
悲嘆,ヒタン
はく奪,ハクダツ
発光,ハッコウ
キープ,キープ
常駐,ジョウチュウ
進捗,シンチョク
浮遊,フユウ
更衣,コウイ
ジャイアント,ジャイアント
共闘,キョウトウ
爆破,バクハ
水洗い,ミズアライ
追記,ツイキ
模写,モシャ
有毒,ユウドク
朝貢,チョウコウ
ロス,ロス
無茶苦茶,ムチャクチャ
直視,チョクシ
長大,チョウダイ
払拭,フッショク
貫徹,カンテツ
激動,ゲキドウ
加味,カミ
ナンセンス,ナンセンス
立身,リッシン
ひと休み,ヒトヤスミ
過敏,カビン
陥落,カンラク
採掘,サイクツ
勧進,カンジン
模擬,モギ
ロック,ロック
永住,エイジュウ
収束,シュウソク
入団,ニュウダン
専修,センシュウ
減免,ゲンメン
授与,ジュヨ
叱責,シッセキ
踏襲,トウシュウ
胡散,ウサン
窒息,チッソク
即死,ソクシ
無法,ムホウ
換言,カンゲン
悲痛,ヒツウ
出店,シュッテン
飛び切り,トビキリ
援護,エンゴ
助平,スケベエ
勤続,キンゾク
邪,ヨコシマ
開幕,カイマク
具足,グソク
戦没,センボツ
廃業,ハイギョウ
延滞,エンタイ
ハイジャック,ハイジャック
供用,キョウヨウ
直行,チョッコウ
後押し,アトオシ
濃密,ノウミツ
疾走,シッソウ
順応,ジュンノウ
折衷,セッチュウ
剛,ゴウ
憂慮,ユウリョ
ランダム,ランダム
密閉,ミッペイ
発効,ハッコウ
直轄,チョッカツ
湿布,シップ
伴奏,バンソウ
調教,チョウキョウ
建議,ケンギ
口出し,クチダシ
ほどほど,ホドホド
裏打ち,ウラウチ
即刻,ソッコク
卑屈,ヒクツ
内包,ナイホウ
敬愛,ケイアイ
浮浪,フロウ
決行,ケッコウ
在任,ザイニン
灌漑,カンガイ
嘆願,タンガン
ディープ,ディープ
準拠,ジュンキョ
集成,シュウセイ
快活,カイカツ
右折,ウセツ
搬入,ハンニュウ
没後,ボツゴ
貫通,カンツウ
軟派,ナンパ
被曝,ヒバク
塩化,エンカ
コピペ,コピペ
トライ,トライ
ジョギング,ジョギング
転身,テンシン
同封,ドウフウ
未明,ミメイ
し烈,シレツ
勉学,ベンガク
蘇生,ソセイ
参上,サンジョウ
読経,ドキョウ
入籍,ニュウセキ
接吻,セップン
掘削,クッサク
パージ,パージ
代位,ダイイ
始動,シドウ
大昔,オオムカシ
随一,ズイイチ
購読,コウドク
不向き,フムキ
羨望,センボウ
雑踏,ザットウ
スリップ,スリップ
入港,ニュウコウ
出国,シュッコク
収奪,シュウダツ
反則,ハンソク
重度,ジュウド
簾,スダレ
拘置,コウチ
寵愛,チョウアイ
記帳,キチョウ
勘案,カンアン
プレゼンテーション,プレゼンテーション
忠義,チュウギ
遍歴,ヘンレキ
照準,ショウジュン
女装,ジョソウ
マーキング,マーキング
起床,キショウ
制覇,セイハ
猜疑,サイギ
リフレッシュ,リフレッシュ
博覧,ハクラン
終日,シュウジツ
注視,チュウシ
頓着,トンジャク
発声,ハッセイ
難儀,ナンギ
密輸,ミツユ
醸成,ジョウセイ
通算,ツウサン
加重,カジュウ
共用,キョウヨウ
督促,トクソク
一望,イチボウ
帰京,キキョウ
実存,ジツゾン
説法,セッポウ
転写,テンシャ
竣功,シュンコウ
謙譲,ケンジョウ
決別,ケツベツ
特筆,トクヒツ
錯綜,サクソウ
罵倒,バトウ
美化,ビカ
追究,ツイキュウ
太平,タイヘイ
自足,ジソク
開墾,カイコン
高名,コウメイ
ビジュアル,ビジュアル
欠損,ケッソン
満了,マンリョウ
荘厳,ソウゴン
享楽,キョウラク
自賛,ジサン
純一,ジュンイツ
結露,ケツロ
懲罰,チョウバツ
判然,ハンゼン
退出,タイシュツ
欺まん,ギマン
月末,ゲツマツ
晩秋,バンシュウ
純白,ジュンパク
請願,セイガン
納品,ノウヒン
インプット,インプット
し緩,シカン
グリル,グリル
給水,キュウスイ
填補,テンポ
送受信,ソウジュシン
密航,ミッコウ
結実,ケツジツ
脱線,ダッセン
ゴタゴタ,ゴタゴタ
応酬,オウシュウ
転覆,テンプク
潜入,センニュウ
メッキ,メッキ
撃退,ゲキタイ
改築,カイチク
発泡,ハッポウ
体得,タイトク
落書き,ラクガキ
同月,ドウゲツ
ダイビング,ダイビング
微細,ビサイ
新鋭,シンエイ
落城,ラクジョウ
補てん,ホテン
遷都,セント
参内,サンダイ
放心,ホウシン
充血,ジュウケツ
講話,コウワ
縫製,ホウセイ
置換,チカン
短絡,タンラク
凌駕,リョウガ
初旬,ショジュン
便乗,ビンジョウ
確執,カクシツ
下座,ゲザ
生真面目,キマジメ
温厚,オンコウ
寝起き,ネオキ
出征,シュッセイ
統率,トウソツ
模造,モゾウ
招聘,ショウヘイ
自害,ジガイ
着色,チャクショク
照会,ショウカイ
談判,ダンパン
直営,チョクエイ
憑依,ヒョウイ
密告,ミッコク
上気,ジョウキ
覆面,フクメン
約定,ヤクジョウ
投函,トウカン
拘留,コウリュウ
団らん,ダンラン
分家,ブンケ
標榜,ヒョウボウ
席捲,セッケン
信憑,シンピョウ
病弱,ビョウジャク
詰問,キツモン
残忍,ザンニン
スクープ,スクープ
申し入れ,モウシイレ
倒壊,トウカイ
希有,ケウ
論評,ロンピョウ
出航,シュッコウ
増産,ゾウサン
出港,シュッコウ
プロポーズ,プロポーズ
特化,トッカ
和合,ワゴウ
保温,ホオン
着床,チャクショウ
リバウンド,リバウンド
挙式,キョシキ
軽率,ケイソツ
同乗,ドウジョウ
近道,チカミチ
退場,タイジョウ
日夜,ニチヤ
非情,ヒジョウ
当直,トウチョク
並列,ヘイレツ
旧式,キュウシキ
決起,ケッキ
全開,ゼンカイ
陶酔,トウスイ
短気,タンキ
ブロー,ブロー
採点,サイテン
険悪,ケンアク
飛翔,ヒショウ
刻印,コクイン
落選,ラクセン
裁定,サイテイ
殉教,ジュンキョウ
懺悔,ザンゲ
勇猛,ユウモウ
布陣,フジン
耳打ち,ミミウチ
教化,キョウカ
分立,ブンリツ
来航,ライコウ
討ち死に,ウチジニ
裏書き,ウラガキ
共演,キョウエン
記名,キメイ
禊,ミソギ
格納,カクノウ
哨戒,ショウカイ
累進,ルイシン
強靭,キョウジン
画策,カクサク
淡白,タンパク
既述,キジュツ
レア,レア
傍観,ボウカン
論述,ロンジュツ
錯乱,サクラン
連関,レンカン
無精,ムセイ
等価,トウカ
悪用,アクヨウ
追随,ツイズイ
禁忌,キンキ
アンティーク,アンティーク
自嘲,ジチョウ
自決,ジケツ
読解,ドッカイ
入内,ジュダイ
焼香,ショウコウ
閉経,ヘイケイ
スタンバイ,スタンバイ
投棄,トウキ
疎通,ソツウ
折衝,セッショウ
反芻,ハンスウ
おう歌,オウカ
急ぎ,イソギ
初出,ショシュツ
不可思議,フカシギ
発案,ハツアン
親和,シンワ
奪取,ダッシュ
雅,ミヤビ
援用,エンヨウ
提訴,テイソ
後ずさり,アトズサリ
給仕,キュウジ
行軍,コウグン
ズーム,ズーム
拘禁,コウキン
ドラッグ,ドラッグ
渡米,トベイ
公言,コウゲン
出没,シュツボツ
保養,ホヨウ
誓約,セイヤク
激戦,ゲキセン
大挙,タイキョ
パトロール,パトロール
停電,テイデン
わい曲,ワイキョク
口論,コウロン
併存,ヘイソン
実直,ジッチョク
コーディネート,コーディネート
行商,ギョウショウ
裁縫,サイホウ
復古,フッコ
炎上,エンジョウ
左折,サセツ
憤怒,フンヌ
恐喝,キョウカツ
公刊,コウカン
休戦,キュウセン
貯水,チョスイ
帰納,キノウ
ミート,ミート
サンプリング,サンプリング
注解,チュウカイ
初演,ショエン
開会,カイカイ
精巧,セイコウ
立脚,リッキャク
再考,サイコウ
追従,ツイジュウ
春先,ハルサキ
背伸び,セノビ
敢行,カンコウ
堅持,ケンジ
翌月,ヨクゲツ
居候,イソウロウ
生起,セイキ
修練,シュウレン
遊歩,ユウホ
抱擁,ホウヨウ
求職,キュウショク
検分,ケンブン
ぶっきらぼう,ブッキラボウ
飽和,ホウワ
手招き,テマネキ
間伐,カンバツ
催告,サイコク
配転,ハイテン
再来,サイライ
満載,マンサイ
談笑,ダンショウ
ふ化,フカ
ハイキング,ハイキング
脱衣,ダツイ
直訳,チョクヤク
魅惑,ミワク
襲来,シュウライ
兼用,ケンヨウ
枯渇,コカツ
設問,セツモン
転院,テンイン
常備,ジョウビ
殺風景,サップウケイ
ブレンド,ブレンド
さく裂,サクレツ
過多,カタ
動転,ドウテン
小心,ショウシン
着衣,チャクイ
ジョイント,ジョイント
観覧,カンラン
移出,イシュツ
充填,ジュウテン
アバンギャルド,アバンギャルド
摩耗,マモウ
ダビング,ダビング
透析,トウセキ
打診,ダシン
触発,ショクハツ
厳禁,ゲンキン
先ごろ,サキゴロ
乗り気,ノリキ
老朽,ロウキュウ
物色,ブッショク
一新,イッシン
一読,イチドク
閉口,ヘイコウ
捕捉,ホソク
興隆,コウリュウ
倹約,ケンヤク
敷設,フセツ
ラフ,ラフ
優柔,ユウジュウ
分譲,ブンジョウ
無益,ムエキ
消火,ショウカ
推量,スイリョウ
寄稿,ムシバム
豊饒,ホウジョウ
塩漬け,シオヅケ
戦慄,センリツ
野宿,ノジュク
元服,ゲンプク
審問,シンモン
存立,ソンリツ
ペイント,ペイント
罷免,ヒメン
遊覧,ユウラン
腐食,フショク
送達,ソウタツ
目配せ,メクバセ
勾留,コウリュウ
触媒,ショクバイ
重合,ジュウゴウ
羅列,ラレツ
失墜,シッツイ
買い出し,カイダシ
付記,フキ
流浪,ルロウ
相乗,ソウジョウ
仕返し,シカエシ
入荷,ニュウカ
弱気,ヨワキ
平衡,ヘイコウ
包含,ホウガン
退散,タイサン
通俗,ツウゾク
クイック,クイック
洗脳,センノウ
反ばく,ハンバク
擁立,ヨウリツ
風刺,フウシ
破門,ハモン
奏上,ソウジョウ
アース,アース
統帥,トウスイ
保留,ホリュウ
放任,ホウニン
曲折,キョクセツ
セッティング,セッティング
即答,ソクトウ
退廃,タイハイ
線引き,センビキ
浸水,シンスイ
携行,ケイコウ
横領,オウリョウ
柔和,ニュウワ
習合,シュウゴウ
復職,フクショク
紅潮,コウチョウ
増資,ゾウシ
具備,グビ
怪奇,カイキ
横暴,オウボウ
フライト,フライト
先年,センネン
せっかち,セッカチ
随行,ズイコウ
厳,ゲン
卑劣,ヒレツ
露見,ロケン
きっ抗,キッコウ
不滅,フメツ
内向,ナイコウ
鍛練,タンレン
パット,パット
熟睡,ジュクスイ
感応,カンノウ
逗留,トウリュウ
外泊,ガイハク
宣誓,センセイ
湯治,トウジ
過食,カショク
堕胎,ダタイ
合一,ゴウイツ
鑑識,カンシキ
昂進,コウシン
本年,ホンネン
苦戦,クセン
先だって,センダッテ
集大成,シュウタイセイ
繁雑,ハンザツ
才覚,サイカク
破格,ハカク
総計,ソウケイ
管制,カンセイ
リタイア,リタイア
息抜き,イキヌキ
協和,キョウワ
精鋭,セイエイ
苦悶,クモン
在り来り,アリキタリ
プッシュ,プッシュ
へま,ヘマ
同室,ドウシツ
開館,カイカン
世襲,セシュウ
校正,コウセイ
講釈,コウシャク
堪忍,カンニン
架橋,カキョウ
許諾,キョダク
試着,シチャク
白熱,ハクネツ
ペイ,ペイ
符合,フゴウ
誤認,ゴニン
新任,シンニン
吐露,トロ
敗退,ハイタイ
リレー,リレー
朝方,アサガタ
へたくそ,ヘタクソ
躍動,ヤクドウ
連勝,レンショウ
饒舌,ジョウゼツ
幽閉,ユウヘイ
粉砕,フンサイ
躍進,ヤクシン
扶持,フチ
合作,ガッサク
謙遜,ケンソン
乱入,ランニュウ
毎夜,マイヨ
抵触,テイショク
リリース,リリース
バーゲン,バーゲン
押収,オウシュウ
参勤,サンキン
ファウル,ファウル
詮議,センギ
精油,セイユ
畏敬,イケイ
焦燥,ショウソウ
喧伝,ケンデン
散在,サンザイ
卑猥,ヒワイ
この方,コノカタ
凄惨,セイサン
人選,ジンセン
野暮,ヤボ
断続,ダンゾク
一喝,イッカツ
鼓舞,コブ
窮乏,キュウボウ
護送,ゴソウ
水揚げ,ミズアゲ
こう着,コウチャク
暗唱,アンショウ
所管,ショカン
中和,チュウワ
自供,ジキョウ
委譲,イジョウ
合祀,ゴウシ
炭化,タンカ
発話,ハツワ
変性,ヘンセイ
ヘッジ,ヘッジ
試聴,シチョウ
文通,ブンツウ
怠慢,タイマン
蹂躙,ジュウリン
歴任,レキニン
調合,チョウゴウ
帰着,キチャク
交信,コウシン
激増,ゲキゾウ
昼前,ヒルマエ
沈下,チンカ
怠惰,タイダ
親愛,シンアイ
軽薄,ケイハク
イタリアン,イタリアン
おんぶ,オンブ
発刊,ハッカン
師事,シジ
殺生,セッショウ
辛辣,シンラツ
冬眠,トウミン
発狂,ハッキョウ
ヘビー,ヘビー
謁見,エッケン
音読,オンドク
原住,ゲンジュウ
停戦,テイセン
鎮座,チンザ
転出,テンシュツ
移管,イカン
弁別,ベンベツ
連作,レンサク
特記,トッキ
召喚,ショウカン
昇給,ショウキュウ
アップデート,アップデート
一朝,イッチョウ
深入り,フカイリ
堅実,ケンジツ
転嫁,テンカ
遊離,ユウリ
屈指,クッシ
大成,タイセイ
黙認,モクニン
指南,シナン
開化,カイカ
珍重,チンチョウ
随時,ズイジ
透視,トウシ
昇降,ショウコウ
迎合,ゲイゴウ
屈強,クッキョウ
投獄,トウゴク
風化,フウカ
収れん,シュウレン
出し入れ,ダシイレ
下賜,カシ
欠勤,ケッキン
勝訴,ショウソ
エスニック,エスニック
哀願,アイガン
出奔,シュッポン
デッサン,デッサン
押印,オウイン
築造,チクゾウ
書写,ショシャ
へん平,ヘンペイ
失禁,シッキン
挙兵,キョヘイ
代入,ダイニュウ
逆切れ,ギャクギレ
後ほど,ノチホド
的外れ,マトハズレ
急変,キュウヘン
修得,シュウトク
上り下り,ノボリオリ
発着,ハッチャク
幻滅,ゲンメツ
仕送り,シオクリ
落着,ラクチャク
禁欲,キンヨク
禁制,キンセイ
併設,ヘイセツ
新造,シンゾウ
合議,ゴウギ
流用,リュウヨウ
試食,シショク
アンバランス,アンバランス
放牧,ホウボク
畏怖,イフ
上申,ジョウシン
憧憬,ドウケイ
横ばい,ヨコバイ
予断,ヨダン
群生,グンセイ
聴診,チョウシン
兼任,ケンニン
出帆,シュッパン
離縁,リエン
投薬,トウヤク
漏洩,ロウエイ
逆行,ギャッコウ
助力,ジョリョク
蔑視,ベッシ
クロス,クロース
即日,ソクジツ
ネーティブ,ネーティブ
潔癖,ケッペキ
左遷,サセン
ひっ迫,ヒッパク
フォーカス,フォーカス
場違い,バチガイ
禁酒,キンシュ
採血,サイケツ
上の空,ウワノソラ
退陣,タイジン
写生,シャセイ
発色,ハッショク
撃墜,ゲキツイ
間食,カンショク
発情,ハツジョウ
訓令,クンレイ
漂白,ヒョウハク
崩御,ホウギョ
空爆,クウバク
身じろぎ,ミジロギ
アイドリング,アイドリング
現前,ゲンゼン
フェラ,フェラ
荷造り,ニヅクリ
永年,エイネン
弁償,ベンショウ
遠出,トオデ
投げやり,ナゲヤリ
変調,ヘンチョウ
先達,センダツ
真正,シンセイ
強奪,ゴウダツ
兼業,ケンギョウ
禁断,キンダン
使役,シエキ
朝晩,アサバン
宿直,シュクチョク
胎動,タイドウ
減速,ゲンソク
通気,ツウキ
冬期,トウキ
枝分かれ,エダワカレ
倒幕,トウバク
思念,シネン
任用,ニンヨウ
禁固,キンコ
長命,チョウメイ
根回し,ネマワシ
ジャンケン,ジャンケン
無傷,ムキズ
専任,センニン
参観,サンカン
狂乱,キョウラン
有頂天,ウチョウテン
ウエーブ,ウエーブ
打算,ダサン
醜悪,シュウアク
企図,キト
プロット,プロット
跳躍,チョウヤク
降参,コウサン
是認,ゼニン
逆流,ギャクリュウ
存命,ゾンメイ
ヒューマン,ヒューマン
不順,フジュン
伝習,デンシュウ
直射,チョクシャ
還付,カンプ
下向,ゲコウ
発給,ハッキュウ
仕分け,シワケ
弘法,グホウ
無様,ブザマ
棄却,キキャク
内服,ナイフク
大言,タイゲン
見聞き,ミキキ
ひんしゅく,ヒンシュク
造語,ゾウゴ
均質,キンシツ
逆襲,ギャクシュウ
改竄,カイザン
兼務,ケンム
大敗,タイハイ
種別,シュベツ
仲直り,ナカナオリ
前払い,マエバライ
拝借,ハイシャク
勃興,ボッコウ
漸進,ゼンシン
考証,コウショウ
断罪,ダンザイ
徴用,チョウヨウ
唱和,ショウワ
所望,ショモウ
退任,タイニン
廃絶,ハイゼツ
顕彰,ケンショウ
怒号,ドゴウ
うがい,ウガイ
内密,ナイミツ
不貞,フテイ
攪拌,カクハン
問診,モンシン
連用,レンヨウ
造影,ゾウエイ
一報,イッポウ
内気,ウチキ
起立,キリツ
萌芽,ホウガ
寝泊まり,ネトマリ
推挙,スイキョ
整列,セイレツ
乱闘,ラントウ
復権,フッケン
不覚,フカク
吹聴,フイチョウ
増補,ゾウホ
無害,ムガイ
雑居,ザッキョ
安住,アンジュウ
激昂,ゲッコウ
進攻,シンコウ
撃破,ゲキハ
減退,ゲンタイ
脱税,ダツゼイ
どじ,ドジ
落第,ラクダイ
前触れ,マエブレ
駆け落ち,カケオチ
授受,ジュジュ
徴税,チョウゼイ
遊行,ユギョウ
気弱,キヨワ
植栽,ショクサイ
滞留,タイリュウ
護持,ゴジ
往診,オウシン
失効,シッコウ
夜勤,ヤキン
同定,ドウテイ
集客,シュウキャク
リンス,リンス
移譲,イジョウ
電荷,デンカ
検地,ケンチ
布置,フチ
埋納,マイノウ
逆戻り,ギャクモドリ
辟易,ヘキエキ
終わりごろ,オワリゴロ
不遇,フグウ
直下,チョッカ
入室,ニュウシツ
昇華,ショウカ
正装,セイソウ
釈明,シャクメイ
刷新,サッシン
棚上げ,タナアゲ
退化,タイカ
希求,キキュウ
参与,サンヨ
無稽,ムケイ
遮へい,シャヘイ
去勢,キョセイ
検屍,ケンシ
合算,ガッサン
ロースト,ロースト
降臨,コウリン
解熱,ゲネツ
手渡し,テワタシ
征討,セイトウ
越冬,エットウ
延伸,エンシン
減反,ゲンタン
壮語,ソウゴ
産生,サンセイ
出芽,シュツガ
杜撰,ズサン
一頃,ヒトコロ
自爆,ジバク
覆刻,フッコク
後戻り,アトモドリ
過信,カシン
精緻,セイチ
送還,ソウカン
自得,ジトク
加護,カゴ
追撃,ツイゲキ
待ち伏せ,マチブセ
非道,ヒドウ
絶命,ゼツメイ
奉還,ホウカン
入信,ニュウシン
隷属,レイゾク
渡河,トカ
操舵,ソウダ
否決,ヒケツ
慰問,イモン
寄港,キコウ
微動,ビドウ
含意,ガンイ
嗚咽,オエツ
派兵,ハヘイ
心なし,ココロナシ
棲息,セイソク
飲用,インヨウ
直売,チョクバイ
上訴,ジョウソ
抗酸,コウサン
無私,ムシ
酷使,コクシ
絶賛,ゼッサン
混迷,コンメイ
初めごろ,ハジメゴロ
あらかた,アラカタ
酷似,コクジ
口述,コウジュツ
加筆,カヒツ
仲立ち,ナカダチ
不和,フワ
卑下,ヒゲ
深化,シンカ
体当たり,タイアタリ
陳腐,チンプ
相似,ソウジ
チャーター,チャーター
密生,ミッセイ
引率,インソツ
共謀,キョウボウ
スクラップ,スクラップ
節減,セツゲン
埋蔵,マイゾウ
傾聴,ケイチョウ
渇望,カツボウ
顕現,ケンゲン
図示,ズシ
更迭,コウテツ
高慢,コウマン
不整,フセイ
及第,キュウダイ
ランディング,ランディング
軒並み,ノキナミ
奇抜,キバツ
再起,サイキ
離島,リトウ
着席,チャクセキ
受難,ジュナン
告示,コクジ
バイパス,バイパス
不孝,フコウ
会得,エトク
高尚,コウショウ
ねん出,ネンシュツ
肥沃,ヒヨク
弔問,チョウモン
下書き,シタガキ
速記,ソッキ
湾曲,ワンキョク
免税,メンゼイ
撃沈,ゲキチン
抗戦,コウセン
内省,ナイセイ
凡庸,ボンヨウ
強情,ゴウジョウ
敗走,ハイソウ
托鉢,タクハツ
配管,ハイカン
偏向,ヘンコウ
冷笑,レイショウ
パーフェクト,パーフェクト
フリーズ,フリーズ
放電,ホウデン
ウインク,ウインク
回向,エコウ
投宿,トウシュク
返送,ヘンソウ
演算,エンザン
違約,イヤク
硫化,リュウカ
種まき,タネマキ
正則,セイソク
自認,ジニン
手直し,テナオシ
侮蔑,ブベツ
粘着,ネンチャク
軟弱,ナンジャク
併記,ヘイキ
傾倒,ケイトウ
死別,シベツ
離反,リハン
留年,リュウネン
バーベキュー,バーベキュー
まい進,マイシン
過熱,カネツ
仮眠,カミン
タイト,タイト
敗訴,ハイソ
健闘,ケントウ
融和,ユウワ
仮装,カソウ
大もうけ,オオモウケ
プロデュース,プロデュース
籠城,ロウジョウ
捻挫,ネンザ
放蕩,ホウトウ
生誕,セイタン
打撲,ダボク
進軍,シングン
水没,スイボツ
雷撃,ライゲキ
凝集,ギョウシュウ
不憫,フビン
苦行,クギョウ
緑化,リョッカ
フィニッシュ,フィニッシュ
慣用,カンヨウ
実測,ジッソク
起算,キサン
更正,コウセイ
回診,カイシン
怪異,カイイ
裏ごし,ウラゴシ
あさって,アサッテ
報知,ホウチ
共栄,キョウエイ
悲壮,ヒソウ
林立,リンリツ
変転,ヘンテン
デッド,デッド
発火,ハッカ
増員,ゾウイン
転回,テンカイ
進退,シンタイ
失明,シツメイ
ハンティング,ハンティング
応戦,オウセン
未定,ミテイ
遊興,ユウキョウ
充当,ジュウトウ
回覧,カイラン
泥酔,デイスイ
駐輪,チュウリン
安産,アンザン
同道,ドウドウ
輸出入,ユシュツニュウ
下等,カトウ
組閣,ソカク
入選,ニュウセン
入館,ニュウカン
追討,ツイトウ
加増,カゾウ
出走,シュッソウ
寝坊,ネボウ
一蹴,イッシュウ
切望,セツボウ
自滅,ジメツ
圧勝,アッショウ
工面,クメン
陰湿,インシツ
待望,タイボウ
心酔,シンスイ
搬送,ハンソウ
ネーミング,ネーミング
呈示,テイジ
自粛,ジシュク
ホームステイ,ホームステイ
送電,ソウデン
離散,リサン
素通り,スドオリ
温和,オンワ
南面,ナンメン
隆起,リュウキ
入賞,ニュウショウ
談合,ダンゴウ
プレーン,プレーン
安息,アンソク
賦課,フカ
専従,センジュウ
採決,サイケツ
除名,ジョメイ
名指し,ナザシ
吸着,キュウチャク
脱脂,ダッシ
剪定,センテイ
抜刀,バットウ
スクロール,スクロール
プレビュー,プレビュー
保湿,ホシツ
発疹,ハッシン
登城,トジョウ
毎秒,マイビョウ
訴追,ソツイ
値下がり,ネサガリ
独り占め,ヒトリジメ
不慣れ,フナレ
自答,ジトウ
撲滅,ボクメツ
送別,ソウベツ
慰労,イロウ
看過,カンカ
隔絶,カクゼツ
包摂,ホウセツ
船酔い,フナヨイ
しり込み,シリゴミ
やんちゃ,ヤンチャ
溺死,デキシ
立論,リツロン
始業,シギョウ
下見,シタミ
持久,ジキュウ
対置,タイチ
集金,シュウキン
深遠,シンエン
収蔵,シュウゾウ
毒殺,ドクサツ
セーブ,セーブ
穏健,オンケン
軽微,ケイビ
ダンプ,ダンプ
陵辱,リョウジョク
セーフティー,セーフティー
溶接,ヨウセツ
編制,ヘンセイ
罹患,リカン
免職,メンショク
追認,ツイニン
素描,ソビョウ
トリートメント,トリートメント
トッピング,トッピング
群発,グンパツ
騒擾,ソウジョウ
縫合,ホウゴウ
止血,シケツ
アップロード,アップロード
監護,カンゴ
露光,ロコウ
再審,サイシン
弱小,ジャクショウ
裁断,サイダン
懇意,コンイ
枚挙,マイキョ
散見,サンケン
離れ離れ,ハナレバナレ
気晴らし,キバラシ
祝賀,シュクガ
偶発,グウハツ
備蓄,ビチク
敵視,テキシ
競り合い,セリアイ
惨敗,ザンパイ
下種,ゲス
親睦,シンボク
狙撃,ソゲキ
安穏,アンノン
特訓,トックン
殲滅,センメツ
理髪,リハツ
寄贈,キゾウ
肩代わり,カタガワリ
帰朝,キチョウ
リニューアル,リニューアル
蛇行,ダコウ
適任,テキニン
勝ち気,カチキ
注進,チュウシン
小分け,コワケ
頒布,ハンプ
加勢,カセイ
連署,レンショ
歌唱,カショウ
安打,アンダ
収賄,シュウワイ
ラッピング,ラッピング
言上,ゴンジョウ
飽食,ホウショク
検疫,ケンエキ
演繹,エンエキ
送致,ソウチ
納車,ノウシャ
思量,シリョウ
グルーピング,グルーピング
読誦,ドクショウ
物納,ブツノウ
投合,トウゴウ
何分,ナニブン
堅牢,ケンロウ
カムフラージュ,カムフラージュ
不遜,フソン
贈呈,ゾウテイ
停留,テイリュウ
供出,キョウシュツ
先回り,サキマワリ
頓挫,トンザ
痛切,ツウセツ
常設,ジョウセツ
伸縮,シンシュク
暴発,ボウハツ
奪還,ダッカン
熟慮,ジュクリョ
昏睡,コンスイ
昇天,ショウテン
物乞,モノゴイ
増築,ゾウチク
一路,イチロ
遺棄,イキ
純情,ジュンジョウ
水洗,スイセン
斬首,ザンシュ
自刃,ジジン
納骨,ノウコツ
認容,ニンヨウ
透過,トウカ
外注,ガイチュウ
下ごしらえ,シタゴシラエ
再演,サイエン
来院,ライイン
様変わり,サマガワリ
過密,カミツ
乱雑,ランザツ
返上,ヘンジョウ
自重,ジチョウ
静養,セイヨウ
独りよがり,ヒトリヨガリ
生還,セイカン
突飛,トッピ
壮絶,ソウゼツ
繁茂,ハンモ
品定め,シナサダメ
連戦,レンセン
対向,タイコウ
豪語,ゴウゴ
尊大,ソンダイ
死闘,シトウ
添削,テンサク
反目,ハンモク
感服,カンプク
緩衝,カンショウ
粛清,シュクセイ
ディスカッション,ディスカッション
伝聞,デンブン
退行,タイコウ
玉砕,ギョクサイ
隠棲,インセイ
偏重,ヘンチョウ
銃殺,ジュウサツ
告別,コクベツ
登頂,トウチョウ
赤面,セキメン
仕官,シカン
震動,シンドウ
スピン,スピン
スピードアップ,スピードアップ
潜航,センコウ
遺贈,イゾウ
壊死,エシ
実装,ジッソウ
配水,ハイスイ
争奪,ソウダツ
山積み,ヤマヅミ
概説,ガイセツ
検問,ケンモン
混交,コンコウ
越境,エッキョウ
セレクト,セレクト
じゃっ起,ジャッキ
虚脱,キョダツ
取捨,シュシャ
重用,チョウヨウ
口外,コウガイ
凋落,チョウラク
純潔,ジュンケツ
煩悶,ハンモン
息切れ,イキギレ
飲み食い,ノミクイ
壮麗,ソウレイ
再録,サイロク
送り迎え,オクリムカエ
純真,ジュンシン
手出し,テダシ
寄り道,ヨリミチ
策謀,サクボウ
自責,ジセキ
過小,カショウ
配色,ハイショク
号泣,ゴウキュウ
迎撃,ゲイゲキ
敷衍,フエン
薄情,ハクジョウ
続けざま,ツヅケザマ
憔悴,ショウスイ
なつ印,ナツイン
仮称,カショウ
脱藩,ダッパン
微分,ビブン
身もだえ,ミモダエ
セットアップ,セットアップ
休館,キュウカン
アウトプット,アウトプット
判示,ハンジ
ダンピング,ダンピング
平年,ヘイネン
変造,ヘンゾウ
レジスト,レジスト
研鑽,ケンサン
列記,レッキ
黙殺,モクサツ
かじ取り,カジトリ
秘蔵,ヒゾウ
逆立ち,サカダチ
敏捷,ビンショウ
潔白,ケッパク
区分け,クワケ
交遊,コウユウ
中盤,チュウバン
避暑,ヒショ
歓待,カンタイ
密約,ミツヤク
回遊,カイユウ
船出,フナデ
急逝,キュウセイ
低能,テイノウ
焼き打ち,ヤキウチ
供応,キョウオウ
化膿,カノウ
閑散,カンサン
揮発,キハツ
掛け算,カケザン
増量,ゾウリョウ
時季,ジキ
求婚,キュウコン
遡上,ソジョウ
追憶,ツイオク
地上げ,ジアゲ
先制,センセイ
彷徨,ホウコウ
了見,リョウケン
捕食,ホショク
完済,カンサイ
翼賛,ヨクサン
守秘,シュヒ
闘病,トウビョウ
授精,ジュセイ
植樹,ショクジュ
シンクロ,シンクロ
作図,サクズ
早産,ソウザン
発汗,ハッカン
入閣,ニュウカク
棚卸し,タナオロシ
称呼,ショウコ
入射,ニュウシャ
飾り付け,カザリツケ
全焼,ゼンショウ
顕示,ケンジ
度外,ドガイ
清純,セイジュン
算段,サンダン
デモンストレーション,デモンストレーション
紛糾,フンキュウ
心配り,ココロクバリ
作製,サクセイ
開眼,カイガン
ボイコット,ボイコット
瓦解,ガカイ
高潔,コウケツ
非力,ヒリキ
大振り,オオブリ
結託,ケッタク
放免,ホウメン
チェックアウト,チェックアウト
味見,アジミ
狂信,キョウシン
挙行,キョコウ
飛散,ヒサン
行脚,アンギャ
修養,シュウヨウ
建て替え,タテカエ
捕縛,ホバク
コーティング,コーティング
入城,ニュウジョウ
粉飾,フンショク
走査,ソウサ
立ち読み,タチヨミ
拝謁,ハイエツ
伝送,デンソウ
作画,サクガ
旗揚げ,ハタアゲ
敬服,ケイフク
一任,イチニン
灼熱,シャクネツ
一睡,イッスイ
冒涜,ボウトク
祈念,キネン
即応,ソクオウ
同格,ドウカク
ルポ,ルポ
独走,ドクソウ
老衰,ロウスイ
実演,ジツエン
溺愛,デキアイ
略記,リャッキ
凍死,トウシ
能天気,ノウテンキ
詣で,モウデ
ハイカラ,ハイカラ
倒錯,トウサク
入部,ニュウブ
奪回,ダッカイ
概算,ガイサン
アンコール,アンコール
速報,ソクホウ
命拾い,イノチビロイ
十全,ジュウゼン
三省,サンセイ
不敬,フケイ
入用,ニュウヨウ
失策,シッサク
積載,セキサイ
随伴,ズイハン
来襲,ライシュウ
野営,ヤエイ
譲位,ジョウイ
外遊,ガイユウ
公告,コウコク
焼死,ショウシ
男装,ダンソウ
委嘱,イショク
移設,イセツ
解脱,ゲダツ
正答,セイトウ
節税,セツゼイ
汚濁,オダク
リバイバル,リバイバル
ディベート,ディベート
損壊,ソンカイ
下知,ゲジ
速攻,ソッコウ
恭順,キョウジュン
エンパワーメント,エンパワーメント
タックル,タックル
直進,チョクシン
橋渡し,ハシワタシ
完遂,カンスイ
パラレル,パラレル
上書,ジョウショ
切り盛り,キリモリ
着眼,チャクガン
熟読,ジュクドク
増刊,ゾウカン
ばん回,バンカイ
顔負け,カオマケ
粗相,ソソウ
希代,キタイ
包容,ホウヨウ
破廉恥,ハレンチ
懐柔,カイジュウ
自首,ジシュ
懐妊,カイニン
出納,スイトウ
寡黙,カモク
難破,ナンパ
伸長,シンチョウ
目障り,メザワリ
出迎え,デムカエ
自炊,ジスイ
配流,ハイル
造園,ゾウエン
巡航,ジュンコウ
公有,コウユウ
奮戦,フンセン
卑賤,ヒセン
実写,ジッシャ
上告,ジョウコク
接地,セッチ
過当,カトウ
蒸散,ジョウサン
夏ごろ,ナツゴロ
厳選,ゲンセン
連係,レンケイ
先鋭,センエイ
傑出,ケッシュツ
一巡,イチジュン
まんまる,マンマル
辛苦,シンク
改心,カイシン
有為,ウイ
終業,シュウギョウ
薄弱,ハクジャク
全廃,ゼンパイ
珍奇,チンキ
転入,テンニュウ
不浄,フジョウ
離別,リベツ
涵養,カンヨウ
相克,ソウコク
ファンシー,ファンシー
低俗,テイゾク
ていい,テイイ
履修,リシュウ
運航,ウンコウ
リコール,リコール
菜食,サイショク
赦免,シャメン
還流,カンリュウ
隠匿,イントク
装丁,ソウテイ
服務,フクム
加湿,カシツ
感得,カントク
伍,ゴ
白濁,ハクダク
誓願,セイガン
栄達,エイタツ
拝領,ハイリョウ
比定,ヒテイ
ヒューリスティック,ヒューリスティック
変位,ヘンイ
難航,ナンコウ
増長,ゾウチョウ
自棄,ジキ
平板,ヘイバン
極論,キョクロン
侵食,シンショク
ゆすり,ユスリ
恫喝,ドウカツ
足し算,タシザン
乱舞,ランブ
挙手,キョシュ
殺伐,サツバツ
勢ぞろい,セイゾロイ
ギザギザ,ギザギザ
判読,ハンドク
保釈,ホシャク
平易,ヘイイ
布石,フセキ
翌週,ヨクシュウ
華美,カビ
私用,シヨウ
脚色,キャクショク
座礁,ザショウ
防音,ボウオン
大損,オオゾン
エスコート,エスコート
私語,シゴ
生鮮,セイセン
不届き,フトドキ
受け渡し,ウケワタシ
美食,ビショク
決裂,ケツレツ
鼓吹,コスイ
虚弱,キョジャク
改組,カイソ
極悪,ゴクアク
開園,カイエン
沐浴,モクヨク
浸食,シンショク
貧相,ヒンソウ
伺候,シコウ
身支度,ミジタク
設営,セツエイ
豊穣,ホウジョウ
反問,ハンモン
帰順,キジュン
過重,カチョウ
散髪,サンパツ
コラボレーション,コラボレーション
受刑,ジュケイ
オファー,オファー
詩作,シサク
辞去,ジキョ
枯淡,コタン
傍受,ボウジュ
チューニング,チューニング
病没,ビョウボツ
営造,エイゾウ
過少,カショウ
改易,カイエキ
入京,ニュウキョウ
服属,フクゾク
脱獄,ダツゴク
再任,サイニン
セレブ,セレブ
進呈,シンテイ
闊歩,カッポ
至当,シトウ
割愛,カツアイ
巡視,ジュンシ
統御,トウギョ
オーソドックス,オーソドックス
穴埋め,アナウメ
峻別,シュンベツ
ふうび,フウビ
反証,ハンショウ
終息,シュウソク
進級,シンキュウ
誤算,ゴサン
粗暴,ソボウ
秘匿,ヒトク
逐次,チクジ
哀悼,アイトウ
成敗,セイバイ
査察,ササツ
切磋,セッサ
教練,キョウレン
逆恨み,サカウラミ
改元,カイゲン
痛快,ツウカイ
富貴,フウキ
補習,ホシュウ
失笑,シッショウ
退役,タイエキ
歌舞,カブ
急襲,キュウシュウ
のぞき見,ノゾキミ
拡幅,カクフク
徴発,チョウハツ
加持,カジ
密売,ミツバイ
積算,セキサン
勧請,カンジョウ
精米,セイマイ
追突,ツイトツ
破砕,ハサイ
登板,トウバン
遮光,シャコウ
インポート,インポート
浸潤,シンジュン
消臭,ショウシュウ
追尾,ツイビ
取水,シュスイ
疎明,ソメイ
渡御,トギョ
点眼,テンガン
分属,ブンゾク
溶融,ヨウユウ
来談,ライダン
逆なで,サカナデ
閑静,カンセイ
齟齬,ソゴ
押し売り,オシウリ
清書,セイショ
劣勢,レッセイ
背反,ハイハン
回り道,マワリミチ
転任,テンニン
吹奏,スイソウ
自失,ジシツ
ハイライト,ハイライト
係留,ケイリュウ
足止め,アシドメ
冷徹,レイテツ
研磨,ケンマ
歓談,カンダン
除雪,ジョセツ
門出,カドデ
純朴,ジュンボク
ピッチング,ピッチング
洋装,ヨウソウ
除隊,ジョタイ
コミット,コミット
北面,ホクメン
受胎,ジュタイ
早退,ソウタイ
独居,ドッキョ
姦通,カンツウ
並立,ヘイリツ
騎乗,キジョウ
東征,トウセイ
任官,ニンカン
根絶,コンゼツ
配付,ハイフ
水死,スイシ
賛嘆,サンタン
割拠,カッキョ
びしょぬれ,ビショヌレ
偏在,ヘンザイ
圧搾,アッサク
接見,セッケン
落馬,ラクバ
建白,ケンパク
挺身,テイシン
課金,カキン
預託,ヨタク
防護,ボウゴ
既出,キシュツ
定置,テイチ
加給,カキュウ
苦慮,クリョ
消灯,ショウトウ
映写,エイシャ
俯瞰,フカン
差し入れ,サシイレ
ピュア,ピュア
廃刊,ハイカン
グズ,グズ
腐心,フシン
暴虐,ボウギャク
披瀝,ヒレキ
発露,ハツロ
談義,ダンギ
素焼き,スヤキ
豹変,ヒョウヘン
分派,ブンパ
ホップ,ホップ
初冬,ショトウ
製図,セイズ
通電,ツウデン
気落ち,キオチ
迷走,メイソウ
脱臼,ダッキュウ
参集,サンシュウ
得心,トクシン
乱射,ランシャ
拝観,ハイカン
早熟,ソウジュク
刃傷,ニンジョウ
隠遁,イントン
罹災,リサイ
求愛,キュウアイ
失言,シツゲン
息災,ソクサイ
走り書き,ハシリガキ
台替わり,ダイガワリ
割譲,カツジョウ
休眠,キュウミン
下野,ゲヤ
解毒,ゲドク
吐血,トケツ
電解,デンカイ
善導,ゼンドウ
定常,テイジョウ
近縁,キンエン
根治,コンジ
留日,リュウニチ
ポジショニング,ポジショニング
エスケープ,エスケープ
大勝,タイショウ
変則,ヘンソク
傾注,ケイチュウ
懇切,コンセツ
縦断,ジュウダン
一笑,イッショウ
タイムリー,タイムリー
達観,タッカン
孤高,ココウ
悲愴,ヒソウ
通関,ツウカン
改新,カイシン
三振,サンシン
甘受,カンジュ
売り買い,ウリカイ
復唱,フクショウ
潤沢,ジュンタク
埋め合わせ,ウメアワセ
立腹,リップク
転載,テンサイ
ケミカル,ケミカル
鑑別,カンベツ
逝去,セイキョ
消沈,ショウチン
自戒,ジカイ
模,カタギ
琢磨,タクマ
不実,フジツ
独白,ドクハク
風雅,フウガ
疾駆,シック
豪奢,ゴウシャ
声援,セイエン
出金,シュッキン
常食,ジョウショク
利発,リハツ
陰惨,インサン
高邁,コウマイ
採録,サイロク
会葬,カイソウ
不躾,ブシツケ
連座,レンザ
諫言,カンゲン
大泣き,オオナキ
悦楽,エツラク
急落,キュウラク
寄託,キタク
ひび割れ,ヒビワレ
転封,テンポウ
留任,リュウニン
連覇,レンパ
汗かき,アセカキ
製錬,セイレン
報償,ホウショウ
茶事,チャジ
参究,サンキュウ
無下,ムゲ
手分け,テワケ
ど忘れ,ドワスレ
出水,シュッスイ
算用,サンヨウ
妻帯,サイタイ
山積,サンセキ
即断,ソクダン
服役,フクエキ
尊崇,ソンスウ
心残り,ココロノコリ
溢血,イッケツ
舶来,ハクライ
レクチャー,レクチャー
リベンジ,リベンジ
殴打,オウダ
強欲,ゴウヨク
高率,コウリツ
贈答,ゾウトウ
出獄,シュツゴク
得票,トクヒョウ
喜捨,キシャ
不承,フショウ
印字,インジ
鋭利,エイリ
編曲,ヘンキョク
偽証,ギショウ
査証,サショウ
斟酌,シンシャク
通牒,ツウチョウ
レコーディング,レコーディング
入山,ニュウザン
誤用,ゴヨウ
標示,ヒョウジ
横付け,ヨコヅケ
滅菌,メッキン
連射,レンシャ
来店,ライテン
姦淫,カンイン
積分,セキブン
発券,ハッケン
班給,ハンキュウ
別記,ベッキ
選好,センコウ
警衛,ケイエイ
押捺,オウナツ
再選,サイセン
うっ血,ウッケツ
来村,ライソン
貫乳,カンニュウ
租借,ソシャク
上げ下げ,アゲサゲ
直流,チョクリュウ
夜ふかし,ヨフカシ
色分け,イロワケ
水増し,ミズマシ
落雷,ラクライ
わい小,ワイショウ
礼賛,ライサン
熱望,ネツボウ
逃げ腰,ニゲゴシ
照応,ショウオウ
厳守,ゲンシュ
言い争い,イイアラソイ
奇特,キトク
激論,ゲキロン
混浴,コンヨク
再燃,サイネン
自活,ジカツ
返礼,ヘンレイ
点呼,テンコ
延焼,エンショウ
続発,ゾクハツ
稚拙,チセツ
強打,キョウダ
密封,ミップウ
清廉,セイレン
相補,ソウホ
プランニング,プランニング
混濁,コンダク
増水,ゾウスイ
扮装,フンソウ
低廉,テイレン
勘当,カンドウ
暗躍,アンヤク
直言,チョクゲン
安眠,アンミン
豊満,ホウマン
気化,キカ
しわ寄せ,シワヨセ
付託,フタク
抑留,ヨクリュウ
崩落,ホウラク
マッチョ,マッチョ
レトロ,レトロ
施術,シジュツ
自適,ジテキ
高遠,コウエン
厳命,ゲンメイ
流転,ルテン
累計,ルイケイ
憤激,フンゲキ
蟄居,チッキョ
サイクリング,サイクリング
クッキング,クッキング
移築,イチク
出まかせ,デマカセ
盗撮,トウサツ
軟禁,ナンキン
訪中,ホウチュウ
投降,トウコウ
ほう助,ホウジョ
決壊,ケッカイ
裁決,サイケツ
多端,タタン
加点,カテン
公訴,コウソ
頬擦り,ホオズリ
修習,シュウシュウ
借り換え,カリカエ
営巣,エイソウ
閉会,ヘイカイ
自惚,ウヌボレ
下調べ,シタシラベ
微弱,ビジャク
整地,セイチ
簡,カン
偏狭,ヘンキョウ
沈静,チンセイ
淫乱,インラン
ニュートラル,ニュートラル
拘泥,コウデイ
招来,ショウライ
大病,タイビョウ
ナイス,ナイス
ダンディー,ダンディー
金策,キンサク
入水,ジュスイ
図解,ズカイ
愚弄,グロウ
来春,ライシュン
退位,タイイ
失速,シッソク
食いしん坊,クイシンボウ
退避,タイヒ
緊縮,キンシュク
慨嘆,ガイタン
折半,セッパン
定立,テイリツ
レジスタンス,レジスタンス
出火,シュッカ
無学,ムガク
草食,ソウショク
回生,カイセイ
特設,トクセツ
不易,フエキ
野卑,ヤヒ
不興,フキョウ
穏和,オンワ
再版,サイハン
大観,タイカン
遠望,エンボウ
八つ当たり,ヤツアタリ
変名,ヘンメイ
刺殺,シサツ
軟化,ナンカ
歓呼,カンコ
目減り,メベリ
洗髪,センパツ
和訳,ワヤク
検視,ケンシ
ソート,ソート
バウンド,バウンド
抜歯,バッシ
塗布,トフ
浣腸,カンチョウ
登攀,トウハン
鉢合わせ,ハチアワセ
思弁,シベン
警固,ケイゴ
譲与,ジョウヨ
一閃,イッセン
起債,キサイ
専断,センダン
供託,キョウタク
含み笑い,フクミワライ
廓清,カクセイ
自習,ジシュウ
改悪,カイアク
全快,ゼンカイ
隠滅,インメツ
特注,トクチュウ
うっ積,ウッセキ
快調,カイチョウ
関知,カンチ
筋違い,スジチガイ
収監,シュウカン
散逸,サンイツ
ブランク,ブランク
猛攻,モウコウ
大書,タイショ
改編,カイヘン
カンパ,カンパ
茶目,チャメ
荘重,ソウチョウ
雨漏り,アマモリ
着付け,キツケ
頻出,ヒンシュツ
幽玄,ユウゲン
退官,タイカン
称揚,ショウヨウ
象眼,ゾウガン
出入国,シュツニュウコク
熟達,ジュクタツ
上納,ジョウノウ
オペ,オペ
連接,レンセツ
合奏,ガッソウ
下校,ゲコウ
掃討,ソウトウ
係争,ケイソウ
うっ屈,ウックツ
小食,ショウショク
虚飾,キョショク
服薬,フクヤク
試乗,シジョウ
皆伝,カイデン
スパイク,スパイク
打電,ダデン
探訪,タンボウ
贋作,ガンサク
供奉,グブ
軽妙,ケイミョウ
内診,ナイシン
減殺,ゲンサイ
生食,セイショク
詳説,ショウセツ
参籠,サンロウ
常住,ジョウジュウ
追善,ツイゼン
予習,ヨシュウ
休学,キュウガク
清澄,セイチョウ
練磨,レンマ
防戦,ボウセン
見劣り,ミオトリ
施錠,セジョウ
高燥,コウソウ
顧慮,コリョ
震撼,シンカン
新奇,シンキ
創生,ソウセイ
出展,シュッテン
難渋,ナンジュウ
傍証,ボウショウ
派出,ハシュツ
無情,ムジョウ
惨殺,ザンサツ
発揚,ハツヨウ
逆算,ギャクサン
一戦,イッセン
沈思,チンシ
哀切,アイセツ
先遣,センケン
リーク,リーク
嚥下,エンカ
アバウト,アバウト
謹厳,キンゲン
精細,セイサイ
精査,セイサ
遡及,ソキュウ
シュール,シュール
プレス,プレス
刑死,ケイシ
補導,ホドウ
屈曲,クッキョク
黙秘,モクヒ
撤兵,テッペイ
就航,シュウコウ
純化,ジュンカ
上奏,ジョウソウ
進発,シンパツ
意訳,イヤク
南進,ナンシン
ブラッシング,ブラッシング
統轄,トウカツ
転記,テンキ
渇水,カッスイ
抜糸,バッシ
主管,シュカン
装填,ソウテン
陸行,リッコウ
起請,キショウ
多湿,タシツ
悲憤,ヒフン
復縁,フクエン
薄味,ウスアジ
調製,チョウセイ
検知,ケンチ
見性,ケンショウ
収用,シュウヨウ
改進,カイシン
励起,レイキ
衡平,コウヘイ
概論,ガイロン
介抱,カイホウ
聴講,チョウコウ
降格,コウカク
シャットアウト,シャットアウト
連呼,レンコ
放逐,ホウチク
横着,オウチャク
たらい回し,タライマワシ
ローリング,ローリング
専心,センシン
新調,シンチョウ
数段,スウダン
狭隘,キョウアイ
潜行,センコウ
固辞,コジ
咀嚼,ソシャク
ボーダーレス,ボーダーレス
励行,レイコウ
奪取,ダッシュ
開場,カイジョウ
空振り,カラブリ
上梓,ジョウシ
死産,シザン
訪米,ホウベイ
極道,ゴクドウ
開城,カイジョウ
世直し,ヨナオシ
疎,ソ
正視,セイシ
クローズド,クローズド
淵源,エンゲン
褒賞,ホウショウ
風聞,フウブン
仲たがい,ナカタガイ
夜襲,ヤシュウ
退会,タイカイ
鎮護,チンゴ
改題,カイダイ
近日,キンジツ
ひき逃げ,ヒキニゲ
内通,ナイツウ
遊泳,ユウエイ
不幸せ,フシアワセ
内観,ナイカン
粗大,ソダイ
試写,シシャ
内覧,ナイラン
前駆,ゼンク
統廃合,トウハイゴウ
造立,ゾウリュウ
自傷,ジショウ
自慰,ジイ
密漁,ミツリョウ
得度,トクド
値踏み,ネブミ
酷薄,コクハク
編修,ヘンシュウ
縮尺,シュクシャク
耕耘,コウウン
平滑,ヘイカツ
療育,リョウイク
射出,シャシュツ
選曲,センキョク
換価,カンカ
治産,チサン
ファンダメンタル,ファンダメンタル
不評,フヒョウ
伸張,シンチョウ
分水,ブンスイ
投石,トウセキ
報奨,ホウショウ
頑迷,ガンメイ
奮発,フンパツ
雑言,ゾウゴン
手ぶら,テブラ
浅薄,センパク
陥没,カンボツ
貼付,チョウフ
喝破,カッパ
確約,カクヤク
肉薄,ニクハク
直訴,ジキソ
非礼,ヒレイ
安倍,アンバイ
跳梁,チョウリョウ
随意,ズイイ
低級,テイキュウ
銘記,メイキ
自警,ジケイ
成育,セイイク
明解,メイカイ
餓死に,ウエジニ
依怙地,イコジ
通読,ツウドク
屹立,キツリツ
奇矯,キキョウ
落伍,ラクゴ
継ぎ接ぎ,ツギハギ
侵犯,シンパン
訓示,クンジ
借財,シャクザイ
喜悦,キエツ
併行,ヘイコウ
在京,ザイキョウ
死守,シシュ
専有,センユウ
連敗,レンパイ
狭小,キョウショウ
下船,ゲセン
製鋼,セイコウ
空疎,クウソ
店番,ミセバン
崇敬,スウケイ
黒光り,クロビカリ
両断,リョウダン
尊称,ソンショウ
密通,ミッツウ
割腹,カップク
悶着,モンチャク
訓読,クンドク
西遊,サイユウ
密談,ミツダン
殉死,ジュンシ
明滅,メイメツ
若返り,ワカガエリ
ふしだら,フシダラ
撃滅,ゲキメツ
対局,タイキョク
提議,テイギ
哄笑,コウショウ
減衰,ゲンスイ
服喪,フクモ
増発,ゾウハツ
無欲,ムヨク
降誕,コウタン
入滅,ニュウメツ
好適,コウテキ
ブート,ブート
失敬,シッケイ
前倒し,マエダオシ
換羽,カンウ
輪転,リンテン
営繕,エイゼン
中耕,チュウコウ
受任,ジュニン
引き算,ヒキザン
棄権,キケン
性悪,ショウワル
不まじめ,フマジメ
脱帽,ダツボウ
奮起,フンキ
チャージ,チャージ
心痛,シンツウ
噴射,フンシャ
ぼくとつ,ボクトツ
浮き沈み,ウキシズミ
置き換え,オキカエ
気後れ,キオクレ
沈潜,チンセン
罪滅ぼし,ツミホロボシ
解離,カイリ
製材,セイザイ
凄絶,セイゼツ
湿潤,シツジュン
夏バテ,ナツバテ
変死,ヘンシ
沈滞,チンタイ
授賞,ジュショウ
音読み,オンヨミ
出廷,シュッテイ
狂喜,キョウキ
添い寝,ソイネ
改選,カイセン
お漏らし,オモラシ
慶賀,ケイガ
ディスカウント,ディスカウント
右傾,ウケイ
還俗,ゲンゾク
不逞,フテイ
他言,タゴン
登載,トウサイ
布施,フセ
専行,センコウ
稲刈り,イネカリ
バント,バント
決裁,ケッサイ
着艦,チャッカン
試用,シヨウ
全線,ゼンセン
精錬,セイレン
勤番,キンバン
誰何,スイカ
発議,ハツギ
再販,サイハン
消炎,ショウエン
改姓,カイセイ
欧化,オウカ
翻案,ホンアン
鈍化,ドンカ
漢訳,カンヤク
陰干し,カゲボシ
焼身,ショウシン
造設,ゾウセツ
特売,トクバイ
忙殺,ボウサツ
没入,ボツニュウ
誘引,ユウイン
去来,キョライ
乱発,ランパツ
起居,キキョ
内示,ナイジ
媒酌,バイシャク
静観,セイカン
偏屈,ヘンクツ
詐称,サショウ
製本,セイホン
全壊,ゼンカイ
精確,セイカク
早寝,ハヤネ
論戦,ロンセン
執刀,シットウ
晩酌,バンシャク
築城,チクジョウ
猛進,モウシン
薄着,ウスギ
気乗り,キノリ
脱稿,ダッコウ
被弾,ヒダン
散財,サンザイ
簒奪,サンダツ
交歓,コウカン
往還,オウカン
総和,ソウワ
薫陶,クントウ
声掛け,コエカケ
訴求,ソキュウ
休耕,キュウコウ
流失,リュウシツ
枯死,コシ
制動,セイドウ
東進,トウシン
賦与,フヨ
求刑,キュウケイ
リピート,リピート
果報,カホウ
筆写,ヒッシャ
入牢,ニュウロウ
盗作,トウサク
漂泊,ヒョウハク
創案,ソウアン
大食,タイショク
瞑目,メイモク
招致,ショウチ
無粋,ブスイ
陪席,バイセキ
改鋳,カイチュウ
修築,シュウチク
誤訳,ゴヤク
毎分,マイフン
破水,ハスイ
抱合,ホウゴウ
肌荒れ,ハダアレ
斬殺,ザンサツ
増悪,ゾウアク
淫靡,インビ
変速,ヘンソク
渡海,トカイ
抗告,コウコク
キャプチャー,キャプチャー
流下,リュウカ
オートマチック,オートマチック
不手際,フテギワ
列席,レッセキ
曲,マガリ
臨場,リンジョウ
協賛,キョウサン
口利き,クチキキ
相愛,ソウアイ
析出,セキシュツ
勧奨,カンショウ
撤収,テッシュウ
念押し,ネンオシ
着脱,チャクダツ
首肯,シュコウ
共立,キョウリツ
楽勝,ラクショウ
排撃,ハイゲキ
日向ぼっこ,ヒナタボッコ
減収,ゲンシュウ
異化,イカ
告解,コッカイ
周旋,シュウセン
連打,レンダ
告げ口,ツゲグチ
専横,センオウ
全治,ゼンチ
浮揚,フヨウ
具申,グシン
ワープ,ワープ
空回り,カラマワリ
推敲,スイコウ
四散,シサン
愛玩,アイガン
横死,オウシ
校訂,コウテイ
立件,リッケン
トンチンカン,トンチンカン
喚問,カンモン
昇任,ショウニン
謀殺,ボウサツ
閑話,カンワ
謀議,ボウギ
内申,ナイシン
遷移,センイ
険,ケン
巡察,ジュンサツ
製塩,セイエン
獄死,ゴクシ
騰貴,トウキ
臨席,リンセキ
行水,ギョウズイ
共振,キョウシン
集配,シュウハイ
叩頭,コウトウ
英明,エイメイ
名状,メイジョウ
断交,ダンコウ
押領,オウリョウ
散開,サンカイ
公売,コウバイ
リプレー,リプレー
滅失,メッシツ
進上,シンジョウ
伝世,デンセイ
湯せん,ユセン
除湿,ジョシツ
増価,ゾウカ
塩ゆで,シオユデ
先着,センチャク
簡明,カンメイ
夜遊び,ヨアソビ
酷評,コクヒョウ
ぐうたら,グウタラ
愛護,アイゴ
開陳,カイチン
減給,ゲンキュウ
例証,レイショウ
宝探し,タカラサガシ
間延,マノビ
放水,ホウスイ
辺鄙,ヘンピ
邂逅,カイコウ
案出,アンシュツ
遊学,ユウガク
急騰,キュウトウ
オンボロ,オンボロ
同宿,ドウシュク
ズボラ,ズボラ
希釈,キシャク
仮借,カシャク
零落,レイラク
軽はずみ,カルハズミ
荷揚げ,ニアゲ
ハングリー,ハングリー
懸隔,ケンカク
フォール,フォール
拝命,ハイメイ
豪胆,ゴウタン
偏食,ヘンショク
買春,バイシュン
校閲,コウエツ
絶交,ゼッコウ
酔狂,スイキョウ
大分,ダイブ
回航,カイコウ
宿営,シュクエイ
猥雑,ワイザツ
と殺,トサツ
縮減,シュクゲン
卒園,ソツエン
視認,シニン
卑俗,ヒゾク
訓導,クンドウ
聴聞,チョウモン
低頭,テイトウ
執心,シュウシン
暗愚,アング
触診,ショクシン
下馬,ゲバ
しわくちゃ,シワクチャ
増収,ゾウシュウ
品薄,シナウス
典雅,テンガ
操練,ソウレン
絞殺,コウサツ
補任,ホニン
経略,ケイリャク
開腹,カイフク
贈賄,ゾウワイ
預入,アズケイレ
ドリブル,ドリブル
誤配,ゴハイ
開局,カイキョク
予納,ヨノウ
成道,ジョウドウ
航戦,コウセン
コスプレ,コスプレ
屈伸,クッシン
狭窄,キョウサク
コンパイル,コンパイル
コラージュ,コラージュ
搾乳,サクニュウ
開廷,カイテイ
伏在,フクザイ
注力,チュウリョク
付従,フジュウ
転調,テンチョウ
保佐,ホサ
謝絶,シャゼツ
稲光,イナビカリ
妥結,ダケツ
悪ふざけ,ワルフザケ
端麗,タンレイ
勇躍,ユウヤク
闖入,チンニュウ
火中,カチュウ
落成,ラクセイ
多感,タカン
不出来,フデキ
頑健,ガンケン
解題,カイダイ
完売,カンバイ
透徹,トウテツ
卑小,ヒショウ
比肩,ヒケン
輿入れ,コシイレ
失職,シッショク
マッチング,マッチング
午睡,ゴスイ
店じまい,ミセジマイ
快諾,カイダク
化成,カセイ
創成,ソウセイ
寂寥,セキリョウ
妄動,モウドウ
大破,タイハ
帰趨,キスウ
突貫,トッカン
反攻,ハンコウ
衰微,スイビ
望見,ボウケン
分掌,ブンショウ
愚劣,グレツ
墓参,ボサン
スキップ,スキップ
密会,ミッカイ
剛毅,ゴウキ
静謐,セイヒツ
概括,ガイカツ
給湯,キュウトウ
親離れ,オヤバナレ
固着,コチャク
周遊,シュウユウ
付会,フカイ
俊敏,シュンビン
助走,ジョソウ
粗忽,ソコツ
監理,カンリ
行道,ギョウドウ
厚遇,コウグウ
帆走,ハンソウ
衰亡,スイボウ
上程,ジョウテイ
今季,コンキ
邪推,ジャスイ
腐朽,フキュウ
縦走,ジュウソウ
雪かき,ユキカキ
拝礼,ハイレイ
公転,コウテン
調練,チョウレン
完熟,カンジュク
精妙,セイミョウ
来朝,ライチョウ
受像,ジュゾウ
放熱,ホウネツ
高笑い,タカワライ
送受,ソウジュ
処断,ショダン
遍在,ヘンザイ
断種,ダンシュ
入党,ニュウトウ
発願,ホツガン
慷慨,コウガイ
リメーク,リメーク
類従,ルイジュウ
徴集,チョウシュウ
懈怠,ケタイ
カンニング,カンニング
衣替え,コロモガエ
混成,コンセイ
斉唱,セイショウ
転進,テンシン
相伴,ショウバン
虚心,キョシン
倍加,バイカ
下命,カメイ
教唆,キョウサ
ピンはね,ピンハネ
慟哭,ドウコク
調律,チョウリツ
付設,フセツ
送検,ソウケン
クラッシュ,クラッシュ
懇請,コンセイ
踏査,トウサ
訳出,ヤクシュツ
脱会,ダッカイ
直送,チョクソウ
乗降,ジョウコウ
だ捕,ダホ
着座,チャクザ
鉄火,テッカ
任免,ニンメン
調剤,チョウザイ
夭折,ヨウセツ
卓抜,タクバツ
口承,コウショウ
参府,サンプ
持ち逃げ,モチニゲ
当てずっぽう,アテズッポウ
退転,タイテン
リバース,リバース
沈鬱,チンウツ
改作,カイサク
宣下,センゲ
噴霧,フンム
カナディアン,カナディアン
腕白,ワンパク
添乗,テンジョウ
仰臥,ギョウガ
整髪,セイハツ
あく抜き,アクヌキ
暴騰,ボウトウ
折伏,シャクブク
バスケ,バスケ
聖別,セイベツ
絶食,ゼッショク
震盪,シントウ
送風,ソウフウ
エキサイト,エキサイト
切削,セッサク
造林,ゾウリン
教導,キョウドウ
蠕動,ゼンドウ
追捕,ツイブ
前傾,ゼンケイ
朗誦,ロウショウ
昏倒,コントウ
東遷,トウセン
欠食,ケッショク
糜爛,ビラン
選帝,センテイ
全摘,ゼンテキ
発問,ハツモン
廃除,ハイジョ
延納,エンノウ
必修,ヒッシュウ
くじ引き,クジビキ
つまみ食い,ツマミグイ
散発,サンパツ
指弾,シダン
帯刀,タイトウ
陳謝,チンシャ
急峻,キュウシュン
殉職,ジュンショク
捨象,シャショウ
散漫,サンマン
不適,フテキ
急転,キュウテン
幻惑,ゲンワク
拙速,セッソク
下付,カフ
粗削り,アラケズリ
完敗,カンパイ
図説,ズセツ
エンジョイ,エンジョイ
再訪,サイホウ
上出来,ジョウデキ
軽侮,ケイブ
築堤,チクテイ
達筆,タッピツ
物入り,モノイリ
離着陸,リチャクリク
端座,タンザ
返戻,ヘンレイ
早死に,ハヤジニ
策動,サクドウ
助勢,ジョセイ
悉皆,シッカイ
黙祷,モクトウ
召還,ショウカン
大暴れ,オオアバレ
恋慕,レンボ
止宿,シシュク
独り立ち,ヒトリダチ
軽躁,ケイソウ
奸,カン
転変,テンペン
傷心,ショウシン
ノックアウト,ノックアウト
妖艶,ヨウエン
愚鈍,グドン
東上,トウジョウ
スパーク,スパーク
枢要,スウヨウ
助命,ジョメイ
追いはぎ,オイハギ
太っ腹,フトッパラ
悶絶,モンゼツ
緊縛,キンバク
自演,ジエン
相伝,ソウデン
欠礼,ケツレイ
皮相,ヒソウ
毛むくじゃら,ケムクジャラ
ロッキング,ロッキング
臥床,ガショウ
コンスタント,コンスタント
横転,オウテン
口下手,クチベタ
周回,シュウカイ
ひと眠り,ヒトネムリ
詠唱,エイショウ
挫傷,ザショウ
所掌,ショショウ
愚直,グチョク
愉悦,ユエツ
断髪,ダンパツ
節用,セツヨウ
舶載,ハクサイ
変奏,ヘンソウ
係属,ケイゾク
多読,タドク
加圧,カアツ
受粉,ジュフン
アラインメント,アラインメント
括約,カツヤク
称制,ショウセイ
一昨年,オトトシ
錬成,レンセイ
読破,ドクハ
訓戒,クンカイ
立ち食い,タチグイ
根負け,コンマケ
自任,ジニン
結着,ケッチャク
北進,ホクシン
和睦,ワボク
明け暮れ,アケクレ
掃射,ソウシャ
扇情,センジョウ
難産,ナンザン
襲名,シュウメイ
水漏れ,ミズモレ
霧散,ムサン
漸減,ゼンゲン
軽装,ケイソウ
修好,シュウコウ
遠大,エンダイ
冷遇,レイグウ
長い,ナガイ
配役,ハイヤク
折檻,セッカン
善処,ゼンショ
蒙昧,モウマイ
明媚,メイビ
競演,キョウエン
殺し合い,コロシアイ
煮沸,シャフツ
示現,ジゲン
献花,ケンカ
融解,ユウカイ
脱穀,ダッコク
通園,ツウエン
製粉,セイフン
具有,グユウ
諦観,テイカン
寂寞,セキバク
品切れ,シナギレ
アナーキー,アナーキー
ミラクル,ミラクル
秀逸,シュウイツ
摂生,セッセイ
退色,タイショク
カッティング,カッティング
巡行,ジュンコウ
狭量,キョウリョウ
配膳,ハイゼン
増援,ゾウエン
豪放,ゴウホウ
答礼,トウレイ
四囲,シイ
まとめ買い,マトメガイ
送球,ソウキュウ
臣従,シンジュウ
深読み,フカヨミ
自叙,ジジョ
引火,インカ
無鉄砲,ムテッポウ
破顔,ハガン
熱愛,ネツアイ
無道,ブドウ
ブリーフ,ブリーフ
立ち眩み,タチクラミ
こざっぱり,コザッパリ
近侍,キンジ
待避,タイヒ
納金,ノウキン
朗詠,ロウエイ
転属,テンゾク
黄葉,コウヨウ
退団,タイダン
鍛造,タンゾウ
参会,サンカイ
穴開け,アナアケ
献策,ケンサク
立ち聞き,タチギキ
被覆,ヒフク
継受,ケイジュ
開創,カイソウ
受洗,ジュセン
色落ち,イロオチ
愁訴,シュウソ
伝奏,デンソウ
掲出,ケイシュツ
献体,ケンタイ
鎮撫,チンブ
再送,サイソウ
窃取,セッシュ
巡幸,ジュンコウ
会同,カイドウ
来場,ライジョウ
徐行,ジョコウ
投射,トウシャ
出入,デイリ
エコロジカル,エコロジカル
マスターベーション,マスターベーション
類焼,ルイショウ
併発,ヘイハツ
僭越,センエツ
一徹,イッテツ
くら替え,クラガエ
相姦,ソウカン
興ざめ,キョウザメ
失念,シツネン
リニア,リニア
着火,チャッカ
空輸,クウユ
投錨,トウビョウ
強健,キョウケン
拝聴,ハイチョウ
誤記,ゴキ
焼き付け,ヤキツケ
痛恨,ツウコン
秋頃,アキゴロ
試飲,シイン
陶冶,トウヤ
共催,キョウサイ
乱心,ランシン
退室,タイシツ
重ね着,カサネギ
通暁,ツウギョウ
重畳,チョウジョウ
長生,チョウセイ
巡業,ジュンギョウ
起工,キコウ
貫流,カンリュウ
転戦,テンセン
卒倒,ソットウ
横溢,オウイツ
超克,チョウコク
貞淑,テイシュク
失火,シッカ
平癒,ヘイユ
怜悧,レイリ
移封,イホウ
掲揚,ケイヨウ
剃髪,テイハツ
開講,カイコウ
湯通し,ユドオシ
回国,カイコク
窮迫,キュウハク
抄出,ショウシュツ
帰投,キトウ
偏愛,ヘンアイ
画定,カクテイ
怒張,ドチョウ
盗み聞き,ヌスミギキ
献呈,ケンテイ
淫売,インバイ
訪日,ホウニチ
サボタージュ,サボタージュ
復命,フクメイ
連判,レンバン
リリーフ,リリーフ
急報,キュウホウ
吸煙,キュウエン
下天,ゲテン
賦活,フカツ
噴流,フンリュウ
買い増し,カイマシ
先後,センゴ
直販,チョクハン
採尿,サイニョウ
漏出,ロウシュツ
総説,ソウセツ
小癪,コシャク
電離,デンリ
遡求,ソキュウ
講読,コウドク
目白押し,メジロオシ
今春,コンシュン
イージー,イージー
オーバーラップ,オーバーラップ
集散,シュウサン
快癒,カイユ
敬慕,ケイボ
落石,ラクセキ
収載,シュウサイ
秀麗,シュウレイ
低調,テイチョウ
穏当,オントウ
強弁,キョウベン
目算,モクサン
起案,キアン
呻吟,シンギン
全訳,ゼンヤク
罰当たり,バチアタリ
分乗,ブンジョウ
急減,キュウゲン
乱脈,ランミャク
無碍,ムゲ
とんぼ返り,トンボガエリ
チョイス,チョイス
恐懼,キョウク
鳴動,メイドウ
本式,ホンシキ
車載,シャサイ
類別,ルイベツ
賃上げ,チンアゲ
遥拝,ヨウハイ
採鉱,サイコウ
心変わり,ココロガワリ
中継ぎ,ナカツギ
平明,ヘイメイ
強襲,キョウシュウ
差配,サハイ
勾引,コウイン
落涙,ラクルイ
揮毫,キゴウ
一矢,イッシ
精強,セイキョウ
省察,セイサツ
開削,カイサク
掩護,エンゴ
ホイップ,ホイップ
俗化,ゾッカ
彫金,チョウキン
口添え,クチゾエ
査問,サモン
エンスト,エンスト
獅子吼,シシク
勅撰,チョクセン
感光,カンコウ
淫蕩,イントウ
変節,ヘンセツ
穿鑿,センサク
類比,ルイヒ
独奏,ドクソウ
拍動,ハクドウ
中座,チュウザ
内訌,ナイコウ
前屈,ゼンクツ
配点,ハイテン
調香,チョウコウ
吝嗇,リンショク
翻刻,ホンコク
回心,カイシン
入唐,ニットウ
配電,ハイデン
塞栓,ソクセン
肥厚,ヒコウ
買い戻し,カイモドシ
宙返り,チュウガエリ
乱立,ランリツ
格上げ,カクアゲ
酌量,シャクリョウ
粗食,ソショク
上塗り,ウワヌリ
属望,ショクボウ
打ち上げ,ウチアゲ
閉館,ヘイカン
現住,ゲンジュウ
唱導,ショウドウ
論破,ロンパ
デフォルメ,デフォルメ
脱糞,ダップン
半壊,ハンカイ
回頭,カイトウ
新式,シンシキ
病中,ビョウチュウ
蓄財,チクザイ
返納,ヘンノウ
傭船,ヨウセン
食傷,ショクショウ
知悉,チシツ
固守,コシュ
罵詈,バリ
不忠,フチュウ
朝帰り,アサガエリ
円熟,エンジュク
承服,ショウフク
オールマイティー,オールマイティー
踏破,トウハ
買い置き,カイオキ
木登り,キノボリ
飼養,シヨウ
落盤,ラクバン
律動,リツドウ
鈍重,ドンジュウ
オンエアー,オンエアー
復刊,フッカン
混戦,コンセン
平伏,ヘイフク
満ち欠け,ミチカケ
措定,ソテイ
導出,ドウシュツ
成約,セイヤク
カップリング,カップリング
狂熱,キョウネツ
宰領,サイリョウ
早世,ソウセイ
脱色,ダッショク
洒脱,シャダツ
作詩,サクシ
修造,シュウゾウ
潤色,ジュンショク
対座,タイザ
発振,ハッシン
拾い読み,ヒロイヨミ
耽溺,タンデキ
洋行,ヨウコウ
在校,ザイコウ
閉山,ヘイザン
弔慰,チョウイ
石化,セキカ
偏頗,ヘンパ
目礼,モクレイ
休刊,キュウカン
蓄電,チクデン
越年,エツネン
訪朝,ホウチョウ
下賤,ゲセン
内応,ナイオウ
案分,アンブン
調伏,チョウブク
転位,テンイ
加温,カオン
巡拝,ジュンパイ
来館,ライカン
発艦,ハッカン
商議,ショウギ
インサート,インサート
離党,リトウ
出府,シュップ
随身,ズイシン
ソテー,ソテー
総攬,ソウラン
反訴,ハンソ
入校,ニュウコウ
除霊,ジョレイ
着水,チャクスイ
送稿,ソウコウ
フィルタリング,フィルタリング
アコースティック,アコースティック
分枝,ブンシ
陸生,リクセイ
検認,ケンニン
局限,キョクゲン
回送,カイソウ
前売り,マエウリ
代筆,ダイヒツ
多弁,タベン
厚顔,コウガン
チョップ,チョップ
コミュニケート,コミュニケート
宙ぶらりん,チュウブラリン
付和,フワ
豪遊,ゴウユウ
独語,ドクゴ
墨守,ボクシュ
乱造,ランゾウ
雲散,ウンサン
接戦,セッセン
主唱,シュショウ
論難,ロンナン
ピール,ピール
黙考,モッコウ
猪突,チョトツ
嘲弄,チョウロウ
冷厳,レイゲン
除籍,ジョセキ
着弾,チャクダン
説諭,セツユ
強圧,キョウアツ
背任,ハイニン
剛健,ゴウケン
貞節,テイセツ
圧殺,アッサツ
費消,ヒショウ
管掌,カンショウ
伸展,シンテン
封緘,フウカン
放縦,ホウショウ
変成,ヘンセイ
黙読,モクドク
丹精,タンセイ
観劇,カンゲキ
だまし討ち,ダマシウチ
歴訪,レキホウ
引見,インケン
遡行,ソコウ
一下,イッカ
繁忙,ハンボウ
宥和,ユウワ
乗艦,ジョウカン
フィーバー,フィーバー
わや,ワヤ
採石,サイセキ
裁可,サイカ
自省,ジセイ
除菌,ジョキン
永眠,エイミン
ワンダフル,ワンダフル
違背,イハイ
内偵,ナイテイ
開票,カイヒョウ
黒山,クロヤマ
描出,ビョウシュツ
土葬,ドソウ
剛勇,ゴウユウ
逓減,テイゲン
賛助,サンジョ
暗闘,アントウ
遁走,トンソウ
鳥瞰,チョウカン
テコ入れ,テコイレ
等質,トウシツ
伴走,バンソウ
在郷,ザイキョウ
焼成,ショウセイ
掴まり立ち,ツカマリダチ
監訳,カンヤク
述作,ジュッサク
甘えん坊,アマエンボウ
ドロップアウト,ドロップアウト
直交,チョッコウ
糾合,キュウゴウ
共食,キョウショク
復調,フクチョウ
漏水,ロウスイ
施業,セギョウ
芳醇,ホウジュン
受忍,ジュニン
音訳,オンヤク
浸入,シンニュウ
エッセンシャル,エッセンシャル
浸出,シンシュツ
看取,カンシュ
優性,ユウセイ
外在,ガイザイ
受戒,ジュカイ
急迫,キュウハク
把持,ハジ
ピーリング,ピーリング
収受,シュウジュ
荷電,カデン
交会,コウカイ
版行,ハンコウ
据え付け,スエツケ
試射,シシャ
パケ,パケ
独唱,ドクショウ
ようしゅつ,ヨウシュツ
内属,ナイゾク
盛装,セイソウ
氷結,ヒョウケツ
無根,ムコン
固陋,コロウ
極言,キョクゲン
下達,カタツ
帯同,タイドウ
検温,ケンオン
防疫,ボウエキ
代わり映え,カワリバエ
蕩尽,トウジン
集録,シュウロク
トレース,トレース
摩滅,マメツ
棒読み,ボウヨミ
厚木,アツギ
給費,キュウヒ
開帳,カイチョウ
慢心,マンシン
減刑,ゲンケイ
速成,ソクセイ
隷従,レイジュウ
自壊,ジカイ
今夕,コンユウ
寸断,スンダン
論及,ロンキュウ
浮動,フドウ
謄写,トウシャ
手づかみ,テヅカミ
放埒,ホウラツ
曲解,キョッカイ
ハミング,ハミング
熟考,ジュッコウ
狂奔,キョウホン
開け閉め,アケシメ
もらい泣き,モライナキ
会戦,カイセン
一丁,イッチョウ
懊悩,オウノウ
特進,トクシン
博識,ハクシキ
春頃,ハルゴロ
節制,セッセイ
伸び縮み,ノビチヂミ
独行,ドッコウ
雑食,ザッショク
破却,ハキャク
モノトーン,モノトーン
散会,サンカイ
発意,ハツイ
謝恩,シャオン
打点,ダテン
入定,ニュウジョウ
激発,ゲキハツ
翌春,ヨクシュン
隠しだて,カクシダテ
発出,ハッシュツ
劣性,レッセイ
改廃,カイハイ
ノッキング,ノッキング
感作,カンサ
仮託,カタク
入寮,ニュウリョウ
鎮定,チンテイ
ドタキャン,ドタキャン
素読,ソドク
朱書,シュショ
分光,ブンコウ
離岸,リガン
導水,ドウスイ
スピリチュアル,スピリチュアル
日勤,ニッキン
徴募,チョウボ
面通し,メントオシ
再認,サイニン
文雅,ブンガ
シャットダウン,シャットダウン
有責,ユウセキ
板書,バンショ
腫脹,シュチョウ
音写,オンシャ
フィーチャー,フィーチャー
加配,カハイ
こう着,コウチャク
ドッキング,ドッキング
詐取,サシュ
色刷り,イロズリ
一考,イッコウ
栄転,エイテン